boundary_id,owner,file,mechanism,reviewed_line,trigger,reactive_reads,isolation,catch_behavior,generation_guard,failure_behavior,category,routing,callback_contract,reactive_consumer,restore_specific
R/session_save_restore/session_save_restore_core_helpers.R::tryCatch finally::1,Session restore orchestrator,R/session_save_restore/session_save_restore_core_helpers.R,tryCatch finally,411,"lexical function exit, including error/interrupt",Direct: captured resource/guard; transitive: none,"N/A; lexical finalizer, not a reactive consumer",Best-effort try/tryCatch when present; otherwise preserves normal R unwinding,Exactly-once lexical stack unwinding,Releases resource/resets guard; an uncaught cleanup error propagates,3,reviewed raw boundary,not applicable: finalizer,no,no
R/session_save_restore/session_save_restore_core_helpers.R::on.exit finalizer::1,Session restore orchestrator,R/session_save_restore/session_save_restore_core_helpers.R,on.exit finalizer,446,"lexical function exit, including error/interrupt",Direct: captured resource/guard; transitive: none,"N/A; lexical finalizer, not a reactive consumer",Best-effort try/tryCatch when present; otherwise preserves normal R unwinding,Exactly-once lexical stack unwinding,Releases resource/resets guard; an uncaught cleanup error propagates,3,reviewed raw boundary,not applicable: finalizer,no,no
R/session_save_restore/session_save_restore_core_helpers.R::tryCatch finally::2,Session restore orchestrator,R/session_save_restore/session_save_restore_core_helpers.R,tryCatch finally,479,"lexical function exit, including error/interrupt",Direct: captured resource/guard; transitive: none,"N/A; lexical finalizer, not a reactive consumer",Best-effort try/tryCatch when present; otherwise preserves normal R unwinding,Exactly-once lexical stack unwinding,Releases resource/resets guard; an uncaught cleanup error propagates,3,reviewed raw boundary,not applicable: finalizer,no,no
R/session_save_restore/session_save_restore_core_helpers.R::on.exit finalizer::2,Session restore orchestrator,R/session_save_restore/session_save_restore_core_helpers.R,on.exit finalizer,2641,"lexical function exit, including error/interrupt",Direct: captured resource/guard; transitive: none,"N/A; lexical finalizer, not a reactive consumer",Best-effort try/tryCatch when present; otherwise preserves normal R unwinding,Exactly-once lexical stack unwinding,Releases resource/resets guard; an uncaught cleanup error propagates,3,reviewed raw boundary,not applicable: finalizer,no,no
R/session_save_restore/session_save_restore_module_registration.R::on.exit finalizer::1,Session restore orchestrator,R/session_save_restore/session_save_restore_module_registration.R,on.exit finalizer,994,"lexical function exit, including error/interrupt",Direct: captured resource/guard; transitive: none,"N/A; lexical finalizer, not a reactive consumer",Best-effort try/tryCatch when present; otherwise preserves normal R unwinding,Exactly-once lexical stack unwinding,Releases resource/resets guard; an uncaught cleanup error propagates,3,reviewed raw boundary,not applicable: finalizer,no,no
R/session_save_restore/session_save_restore_module_registration.R::onFlushed::1,Session restore orchestrator,R/session_save_restore/session_save_restore_module_registration.R,onFlushed,2100,post-flush scheduling,Direct: callback arguments/captured state; transitive: callback body and invoked restore helpers,Callback body must use isolate() or approved restore callback runner for reactive reads,Local tryCatch/approved callback runner where present; otherwise Shiny/later logs error,Restore generation/job token where owned; otherwise latest state/session lifetime,No-op when stale; caught failures log/settle the restore job; uncaught failures abort that callback,1,reviewed raw boundary,shared restore callback runner,no,yes
R/session_save_restore/session_save_restore_module_registration.R::onFlushed::2,Session restore orchestrator,R/session_save_restore/session_save_restore_module_registration.R,onFlushed,2159,post-flush scheduling,Direct: callback arguments/captured state; transitive: callback body and invoked restore helpers,Callback body must use isolate() or approved restore callback runner for reactive reads,Local tryCatch/approved callback runner where present; otherwise Shiny/later logs error,Restore generation/job token where owned; otherwise latest state/session lifetime,No-op when stale; caught failures log/settle the restore job; uncaught failures abort that callback,1,reviewed raw boundary,shared restore callback runner,no,yes
R/session_save_restore/session_save_restore_module_registration.R::on.exit finalizer::2,Session restore orchestrator,R/session_save_restore/session_save_restore_module_registration.R,on.exit finalizer,2288,"lexical function exit, including error/interrupt",Direct: captured resource/guard; transitive: none,"N/A; lexical finalizer, not a reactive consumer",Best-effort try/tryCatch when present; otherwise preserves normal R unwinding,Exactly-once lexical stack unwinding,Releases resource/resets guard; an uncaught cleanup error propagates,3,reviewed raw boundary,not applicable: finalizer,no,no
R/session_save_restore/session_save_restore_module_registration.R::on.exit finalizer::3,Session restore orchestrator,R/session_save_restore/session_save_restore_module_registration.R,on.exit finalizer,2444,"lexical function exit, including error/interrupt",Direct: captured resource/guard; transitive: none,"N/A; lexical finalizer, not a reactive consumer",Best-effort try/tryCatch when present; otherwise preserves normal R unwinding,Exactly-once lexical stack unwinding,Releases resource/resets guard; an uncaught cleanup error propagates,3,reviewed raw boundary,not applicable: finalizer,no,no
R/session_save_restore/session_save_restore_module_registration.R::on.exit finalizer::4,Session restore orchestrator,R/session_save_restore/session_save_restore_module_registration.R,on.exit finalizer,2493,"lexical function exit, including error/interrupt",Direct: captured resource/guard; transitive: none,"N/A; lexical finalizer, not a reactive consumer",Best-effort try/tryCatch when present; otherwise preserves normal R unwinding,Exactly-once lexical stack unwinding,Releases resource/resets guard; an uncaught cleanup error propagates,3,reviewed raw boundary,not applicable: finalizer,no,no
R/session_save_restore/session_save_restore_module_registration.R::on.exit finalizer::5,Session restore orchestrator,R/session_save_restore/session_save_restore_module_registration.R,on.exit finalizer,2542,"lexical function exit, including error/interrupt",Direct: captured resource/guard; transitive: none,"N/A; lexical finalizer, not a reactive consumer",Best-effort try/tryCatch when present; otherwise preserves normal R unwinding,Exactly-once lexical stack unwinding,Releases resource/resets guard; an uncaught cleanup error propagates,3,reviewed raw boundary,not applicable: finalizer,no,no
R/session_save_restore/session_save_restore_module_registration.R::on.exit finalizer::6,Session restore orchestrator,R/session_save_restore/session_save_restore_module_registration.R,on.exit finalizer,2581,"lexical function exit, including error/interrupt",Direct: captured resource/guard; transitive: none,"N/A; lexical finalizer, not a reactive consumer",Best-effort try/tryCatch when present; otherwise preserves normal R unwinding,Exactly-once lexical stack unwinding,Releases resource/resets guard; an uncaught cleanup error propagates,3,reviewed raw boundary,not applicable: finalizer,no,no
R/session_save_restore/session_save_restore_module_registration.R::on.exit finalizer::7,Session restore orchestrator,R/session_save_restore/session_save_restore_module_registration.R,on.exit finalizer,2621,"lexical function exit, including error/interrupt",Direct: captured resource/guard; transitive: none,"N/A; lexical finalizer, not a reactive consumer",Best-effort try/tryCatch when present; otherwise preserves normal R unwinding,Exactly-once lexical stack unwinding,Releases resource/resets guard; an uncaught cleanup error propagates,3,reviewed raw boundary,not applicable: finalizer,no,no
R/session_save_restore/session_save_restore_module_registration.R::on.exit finalizer::8,Session restore orchestrator,R/session_save_restore/session_save_restore_module_registration.R,on.exit finalizer,2663,"lexical function exit, including error/interrupt",Direct: captured resource/guard; transitive: none,"N/A; lexical finalizer, not a reactive consumer",Best-effort try/tryCatch when present; otherwise preserves normal R unwinding,Exactly-once lexical stack unwinding,Releases resource/resets guard; an uncaught cleanup error propagates,3,reviewed raw boundary,not applicable: finalizer,no,no
R/session_save_restore/session_save_restore_module_registration.R::on.exit finalizer::9,Session restore orchestrator,R/session_save_restore/session_save_restore_module_registration.R,on.exit finalizer,2708,"lexical function exit, including error/interrupt",Direct: captured resource/guard; transitive: none,"N/A; lexical finalizer, not a reactive consumer",Best-effort try/tryCatch when present; otherwise preserves normal R unwinding,Exactly-once lexical stack unwinding,Releases resource/resets guard; an uncaught cleanup error propagates,3,reviewed raw boundary,not applicable: finalizer,no,no
R/session_save_restore/session_save_restore_module_registration.R::on.exit finalizer::10,Session restore orchestrator,R/session_save_restore/session_save_restore_module_registration.R,on.exit finalizer,2747,"lexical function exit, including error/interrupt",Direct: captured resource/guard; transitive: none,"N/A; lexical finalizer, not a reactive consumer",Best-effort try/tryCatch when present; otherwise preserves normal R unwinding,Exactly-once lexical stack unwinding,Releases resource/resets guard; an uncaught cleanup error propagates,3,reviewed raw boundary,not applicable: finalizer,no,no
R/session_save_restore/session_save_restore_orchestration.R::on.exit finalizer::1,Session restore orchestrator,R/session_save_restore/session_save_restore_orchestration.R,on.exit finalizer,158,"lexical function exit, including error/interrupt",Direct: captured resource/guard; transitive: none,"N/A; lexical finalizer, not a reactive consumer",Best-effort try/tryCatch when present; otherwise preserves normal R unwinding,Exactly-once lexical stack unwinding,Releases resource/resets guard; an uncaught cleanup error propagates,3,reviewed raw boundary,not applicable: finalizer,no,no
R/session_save_restore/session_save_restore_orchestration.R::on.exit finalizer::2,Session restore orchestrator,R/session_save_restore/session_save_restore_orchestration.R,on.exit finalizer,2348,"lexical function exit, including error/interrupt",Direct: captured resource/guard; transitive: none,"N/A; lexical finalizer, not a reactive consumer",Best-effort try/tryCatch when present; otherwise preserves normal R unwinding,Exactly-once lexical stack unwinding,Releases resource/resets guard; an uncaught cleanup error propagates,3,reviewed raw boundary,not applicable: finalizer,no,no
R/session_save_restore/session_save_restore_orchestration.R::later::1,Session restore orchestrator,R/session_save_restore/session_save_restore_orchestration.R,later,2449,later event-loop timer,Direct: callback arguments/captured state; transitive: callback body and invoked restore helpers,Callback body must use isolate() or approved restore callback runner for reactive reads,Local tryCatch/approved callback runner where present; otherwise Shiny/later logs error,Restore generation/job token where owned; otherwise latest state/session lifetime,No-op when stale; caught failures log/settle the restore job; uncaught failures abort that callback,1,reviewed raw boundary,shared restore callback runner,no,yes
R/session_save_restore/session_save_restore_orchestration.R::on.exit finalizer::3,Session restore orchestrator,R/session_save_restore/session_save_restore_orchestration.R,on.exit finalizer,2503,"lexical function exit, including error/interrupt",Direct: captured resource/guard; transitive: none,"N/A; lexical finalizer, not a reactive consumer",Best-effort try/tryCatch when present; otherwise preserves normal R unwinding,Exactly-once lexical stack unwinding,Releases resource/resets guard; an uncaught cleanup error propagates,3,reviewed raw boundary,not applicable: finalizer,no,no
R/session_save_restore/session_save_restore_orchestration.R::on.exit finalizer::4,Session restore orchestrator,R/session_save_restore/session_save_restore_orchestration.R,on.exit finalizer,2510,"lexical function exit, including error/interrupt",Direct: captured resource/guard; transitive: none,"N/A; lexical finalizer, not a reactive consumer",Best-effort try/tryCatch when present; otherwise preserves normal R unwinding,Exactly-once lexical stack unwinding,Releases resource/resets guard; an uncaught cleanup error propagates,3,reviewed raw boundary,not applicable: finalizer,no,no
R/session_save_restore/session_save_restore_orchestration.R::on.exit finalizer::5,Session restore orchestrator,R/session_save_restore/session_save_restore_orchestration.R,on.exit finalizer,2515,"lexical function exit, including error/interrupt",Direct: captured resource/guard; transitive: none,"N/A; lexical finalizer, not a reactive consumer",Best-effort try/tryCatch when present; otherwise preserves normal R unwinding,Exactly-once lexical stack unwinding,Releases resource/resets guard; an uncaught cleanup error propagates,3,reviewed raw boundary,not applicable: finalizer,no,no
R/session_save_restore/session_save_restore_orchestration.R::onFlushed::1,Session restore orchestrator,R/session_save_restore/session_save_restore_orchestration.R,onFlushed,3195,post-flush scheduling,Direct: callback arguments/captured state; transitive: callback body and invoked restore helpers,Callback body must use isolate() or approved restore callback runner for reactive reads,Local tryCatch/approved callback runner where present; otherwise Shiny/later logs error,Restore generation/job token where owned; otherwise latest state/session lifetime,No-op when stale; caught failures log/settle the restore job; uncaught failures abort that callback,1,reviewed raw boundary,shared restore callback runner,no,yes
R/session_save_restore/session_save_restore_orchestration.R::on.exit finalizer::6,Session restore orchestrator,R/session_save_restore/session_save_restore_orchestration.R,on.exit finalizer,3699,"lexical function exit, including error/interrupt",Direct: captured resource/guard; transitive: none,"N/A; lexical finalizer, not a reactive consumer",Best-effort try/tryCatch when present; otherwise preserves normal R unwinding,Exactly-once lexical stack unwinding,Releases resource/resets guard; an uncaught cleanup error propagates,3,reviewed raw boundary,not applicable: finalizer,no,no
R/session_save_restore/session_save_restore_orchestration.R::later::2,Session restore orchestrator,R/session_save_restore/session_save_restore_orchestration.R,later,3720,later event-loop timer,Direct: callback arguments/captured state; transitive: callback body and invoked restore helpers,Callback body must use isolate() or approved restore callback runner for reactive reads,Local tryCatch/approved callback runner where present; otherwise Shiny/later logs error,Restore generation/job token where owned; otherwise latest state/session lifetime,No-op when stale; caught failures log/settle the restore job; uncaught failures abort that callback,1,reviewed raw boundary,shared restore callback runner,no,yes
modules/Data Wizard/Annotation/datawizard_annotation_observer.R::debounce::1,Data Wizard / Annotation,modules/Data Wizard/Annotation/datawizard_annotation_observer.R,debounce,76,source reactive changes after coalescing interval,Direct: source reactive; transitive: source input/state dependencies,Reactive consumer by construction,Shiny reactive error propagation,Latest debounced/throttled source value,Consumer invalidates/errors without imperative replay,2,reviewed raw boundary,not applicable: reactive consumer,yes,no
modules/Data Wizard/Annotation/datawizard_annotation_observer.R::debounce::2,Data Wizard / Annotation,modules/Data Wizard/Annotation/datawizard_annotation_observer.R,debounce,79,source reactive changes after coalescing interval,Direct: source reactive; transitive: source input/state dependencies,Reactive consumer by construction,Shiny reactive error propagation,Latest debounced/throttled source value,Consumer invalidates/errors without imperative replay,2,reviewed raw boundary,not applicable: reactive consumer,yes,no
modules/Data Wizard/Annotation/datawizard_annotation_observer_cache.R::on.exit finalizer::1,Data Wizard / Annotation,modules/Data Wizard/Annotation/datawizard_annotation_observer_cache.R,on.exit finalizer,176,"lexical function exit, including error/interrupt",Direct: captured resource/guard; transitive: none,"N/A; lexical finalizer, not a reactive consumer",Best-effort try/tryCatch when present; otherwise preserves normal R unwinding,Exactly-once lexical stack unwinding,Releases resource/resets guard; an uncaught cleanup error propagates,3,reviewed raw boundary,not applicable: finalizer,no,no
modules/Data Wizard/Annotation/datawizard_annotation_observer_cache.R::on.exit finalizer::2,Data Wizard / Annotation,modules/Data Wizard/Annotation/datawizard_annotation_observer_cache.R,on.exit finalizer,599,"lexical function exit, including error/interrupt",Direct: captured resource/guard; transitive: none,"N/A; lexical finalizer, not a reactive consumer",Best-effort try/tryCatch when present; otherwise preserves normal R unwinding,Exactly-once lexical stack unwinding,Releases resource/resets guard; an uncaught cleanup error propagates,3,reviewed raw boundary,not applicable: finalizer,no,no
modules/Data Wizard/Annotation/datawizard_annotation_observer_cache.R::on.exit finalizer::3,Data Wizard / Annotation,modules/Data Wizard/Annotation/datawizard_annotation_observer_cache.R,on.exit finalizer,731,"lexical function exit, including error/interrupt",Direct: captured resource/guard; transitive: none,"N/A; lexical finalizer, not a reactive consumer",Best-effort try/tryCatch when present; otherwise preserves normal R unwinding,Exactly-once lexical stack unwinding,Releases resource/resets guard; an uncaught cleanup error propagates,3,reviewed raw boundary,not applicable: finalizer,no,no
modules/Data Wizard/Annotation/datawizard_annotation_observer_cache.R::on.exit finalizer::4,Data Wizard / Annotation,modules/Data Wizard/Annotation/datawizard_annotation_observer_cache.R,on.exit finalizer,799,"lexical function exit, including error/interrupt",Direct: captured resource/guard; transitive: none,"N/A; lexical finalizer, not a reactive consumer",Best-effort try/tryCatch when present; otherwise preserves normal R unwinding,Exactly-once lexical stack unwinding,Releases resource/resets guard; an uncaught cleanup error propagates,3,reviewed raw boundary,not applicable: finalizer,no,no
modules/Data Wizard/Annotation/datawizard_annotation_observer_cache.R::on.exit finalizer::5,Data Wizard / Annotation,modules/Data Wizard/Annotation/datawizard_annotation_observer_cache.R,on.exit finalizer,882,"lexical function exit, including error/interrupt",Direct: captured resource/guard; transitive: none,"N/A; lexical finalizer, not a reactive consumer",Best-effort try/tryCatch when present; otherwise preserves normal R unwinding,Exactly-once lexical stack unwinding,Releases resource/resets guard; an uncaught cleanup error propagates,3,reviewed raw boundary,not applicable: finalizer,no,no
modules/Data Wizard/Annotation/datawizard_annotation_observer_cache.R::on.exit finalizer::6,Data Wizard / Annotation,modules/Data Wizard/Annotation/datawizard_annotation_observer_cache.R,on.exit finalizer,946,"lexical function exit, including error/interrupt",Direct: captured resource/guard; transitive: none,"N/A; lexical finalizer, not a reactive consumer",Best-effort try/tryCatch when present; otherwise preserves normal R unwinding,Exactly-once lexical stack unwinding,Releases resource/resets guard; an uncaught cleanup error propagates,3,reviewed raw boundary,not applicable: finalizer,no,no
modules/Data Wizard/Annotation/datawizard_annotation_observer_cache.R::on.exit finalizer::7,Data Wizard / Annotation,modules/Data Wizard/Annotation/datawizard_annotation_observer_cache.R,on.exit finalizer,1009,"lexical function exit, including error/interrupt",Direct: captured resource/guard; transitive: none,"N/A; lexical finalizer, not a reactive consumer",Best-effort try/tryCatch when present; otherwise preserves normal R unwinding,Exactly-once lexical stack unwinding,Releases resource/resets guard; an uncaught cleanup error propagates,3,reviewed raw boundary,not applicable: finalizer,no,no
modules/Data Wizard/Annotation/datawizard_annotation_observer_general.R::tryCatch finally::1,Data Wizard / Annotation,modules/Data Wizard/Annotation/datawizard_annotation_observer_general.R,tryCatch finally,744,"lexical function exit, including error/interrupt",Direct: captured resource/guard; transitive: none,"N/A; lexical finalizer, not a reactive consumer",Best-effort try/tryCatch when present; otherwise preserves normal R unwinding,Exactly-once lexical stack unwinding,Releases resource/resets guard; an uncaught cleanup error propagates,3,reviewed raw boundary,not applicable: finalizer,no,no
modules/Data Wizard/Annotation/datawizard_annotation_observer_mapping.R::on.exit finalizer::1,Data Wizard / Annotation,modules/Data Wizard/Annotation/datawizard_annotation_observer_mapping.R,on.exit finalizer,89,"lexical function exit, including error/interrupt",Direct: captured resource/guard; transitive: none,"N/A; lexical finalizer, not a reactive consumer",Best-effort try/tryCatch when present; otherwise preserves normal R unwinding,Exactly-once lexical stack unwinding,Releases resource/resets guard; an uncaught cleanup error propagates,3,reviewed raw boundary,not applicable: finalizer,no,no
modules/Data Wizard/Annotation/datawizard_annotation_observer_mapping.R::onFlushed::1,Data Wizard / Annotation,modules/Data Wizard/Annotation/datawizard_annotation_observer_mapping.R,onFlushed,412,post-flush scheduling,Direct: callback arguments/captured state; transitive: callback body and invoked restore helpers,Callback body must use isolate() or approved restore callback runner for reactive reads,Local tryCatch/approved callback runner where present; otherwise Shiny/later logs error,Restore generation/job token where owned; otherwise latest state/session lifetime,No-op when stale; caught failures log/settle the restore job; uncaught failures abort that callback,1,reviewed raw boundary,documented captured-values-only implementation,no,yes
modules/Data Wizard/Annotation/datawizard_annotation_observer_mapping.R::tryCatch finally::1,Data Wizard / Annotation,modules/Data Wizard/Annotation/datawizard_annotation_observer_mapping.R,tryCatch finally,416,"lexical function exit, including error/interrupt",Direct: captured resource/guard; transitive: none,"N/A; lexical finalizer, not a reactive consumer",Best-effort try/tryCatch when present; otherwise preserves normal R unwinding,Exactly-once lexical stack unwinding,Releases resource/resets guard; an uncaught cleanup error propagates,3,reviewed raw boundary,not applicable: finalizer,no,no
modules/Data Wizard/Annotation/datawizard_annotation_observer_mapping.R::onFlushed::2,Data Wizard / Annotation,modules/Data Wizard/Annotation/datawizard_annotation_observer_mapping.R,onFlushed,593,post-flush scheduling,Direct: callback arguments/captured state; transitive: callback body and invoked restore helpers,Callback body must use isolate() or approved restore callback runner for reactive reads,Local tryCatch/approved callback runner where present; otherwise Shiny/later logs error,Restore generation/job token where owned; otherwise latest state/session lifetime,No-op when stale; caught failures log/settle the restore job; uncaught failures abort that callback,1,reviewed raw boundary,documented captured-values-only implementation,no,yes
modules/Data Wizard/Annotation/datawizard_annotation_observer_mapping.R::tryCatch finally::2,Data Wizard / Annotation,modules/Data Wizard/Annotation/datawizard_annotation_observer_mapping.R,tryCatch finally,597,"lexical function exit, including error/interrupt",Direct: captured resource/guard; transitive: none,"N/A; lexical finalizer, not a reactive consumer",Best-effort try/tryCatch when present; otherwise preserves normal R unwinding,Exactly-once lexical stack unwinding,Releases resource/resets guard; an uncaught cleanup error propagates,3,reviewed raw boundary,not applicable: finalizer,no,no
modules/Data Wizard/Annotation/datawizard_annotation_utils_biomart_build.R::on.exit finalizer::1,Data Wizard / Annotation,modules/Data Wizard/Annotation/datawizard_annotation_utils_biomart_build.R,on.exit finalizer,128,"lexical function exit, including error/interrupt",Direct: captured resource/guard; transitive: none,"N/A; lexical finalizer, not a reactive consumer",Best-effort try/tryCatch when present; otherwise preserves normal R unwinding,Exactly-once lexical stack unwinding,Releases resource/resets guard; an uncaught cleanup error propagates,3,reviewed raw boundary,not applicable: finalizer,no,no
modules/Data Wizard/Annotation/datawizard_annotation_utils_biomart_mapping.R::on.exit finalizer::1,Data Wizard / Annotation,modules/Data Wizard/Annotation/datawizard_annotation_utils_biomart_mapping.R,on.exit finalizer,171,"lexical function exit, including error/interrupt",Direct: captured resource/guard; transitive: none,"N/A; lexical finalizer, not a reactive consumer",Best-effort try/tryCatch when present; otherwise preserves normal R unwinding,Exactly-once lexical stack unwinding,Releases resource/resets guard; an uncaught cleanup error propagates,3,reviewed raw boundary,not applicable: finalizer,no,no
modules/Data Wizard/assign rules/datawizard_assign_rules_handlers.R::invalidateLater::1,Data Wizard / assign rules,modules/Data Wizard/assign rules/datawizard_assign_rules_handlers.R,invalidateLater,142,timer invalidation armed by the enclosing reactive consumer,Direct: session/timer only; transitive: enclosing observe/render/reactive dependencies,Not isolated: intentionally invalidates its reactive consumer,Shiny reactive-domain handling; local tryCatch where shown,Consumer lifetime/token or restore guard in enclosing observer,Consumer stops polling or reports through its enclosing handler,2,reviewed raw boundary,not applicable: reactive consumer,yes,no
modules/Data Wizard/auto assign/datawizard_auto_assign_handlers.R::onFlushed::1,Data Wizard / auto assign,modules/Data Wizard/auto assign/datawizard_auto_assign_handlers.R,onFlushed,784,post-flush scheduling,Direct: callback arguments/captured state; transitive: callback body and invoked restore helpers,Callback body must use isolate() or approved restore callback runner for reactive reads,Local tryCatch/approved callback runner where present; otherwise Shiny/later logs error,Restore generation/job token where owned; otherwise latest state/session lifetime,No-op when stale; caught failures log/settle the restore job; uncaught failures abort that callback,1,reviewed raw boundary,documented captured-values-only implementation,no,yes
modules/Data Wizard/auto assign/datawizard_auto_assign_rule_engine.R::on.exit finalizer::1,Data Wizard / auto assign,modules/Data Wizard/auto assign/datawizard_auto_assign_rule_engine.R,on.exit finalizer,364,"lexical function exit, including error/interrupt",Direct: captured resource/guard; transitive: none,"N/A; lexical finalizer, not a reactive consumer",Best-effort try/tryCatch when present; otherwise preserves normal R unwinding,Exactly-once lexical stack unwinding,Releases resource/resets guard; an uncaught cleanup error propagates,3,reviewed raw boundary,not applicable: finalizer,no,no
modules/Data Wizard/auto assign/datawizard_auto_assign_template_pipeline.R::invalidateLater::1,Data Wizard / auto assign,modules/Data Wizard/auto assign/datawizard_auto_assign_template_pipeline.R,invalidateLater,429,timer invalidation armed by the enclosing reactive consumer,Direct: session/timer only; transitive: enclosing observe/render/reactive dependencies,Not isolated: intentionally invalidates its reactive consumer,Shiny reactive-domain handling; local tryCatch where shown,Consumer lifetime/token or restore guard in enclosing observer,Consumer stops polling or reports through its enclosing handler,2,reviewed raw boundary,not applicable: reactive consumer,yes,no
modules/Data Wizard/auto regex/datawizard_auto_regex_handlers_redundancy.R::debounce::1,Data Wizard / auto regex,modules/Data Wizard/auto regex/datawizard_auto_regex_handlers_redundancy.R,debounce,105,source reactive changes after coalescing interval,Direct: source reactive; transitive: source input/state dependencies,Reactive consumer by construction,Shiny reactive error propagation,Latest debounced/throttled source value,Consumer invalidates/errors without imperative replay,2,reviewed raw boundary,not applicable: reactive consumer,yes,no
modules/Data Wizard/auto regex/datawizard_auto_regex_handlers_redundancy.R::debounce::2,Data Wizard / auto regex,modules/Data Wizard/auto regex/datawizard_auto_regex_handlers_redundancy.R,debounce,192,source reactive changes after coalescing interval,Direct: source reactive; transitive: source input/state dependencies,Reactive consumer by construction,Shiny reactive error propagation,Latest debounced/throttled source value,Consumer invalidates/errors without imperative replay,2,reviewed raw boundary,not applicable: reactive consumer,yes,no
modules/Data Wizard/auto regex/datawizard_auto_regex_handlers_render.R::cleanup registration::1,Data Wizard / auto regex,modules/Data Wizard/auto regex/datawizard_auto_regex_handlers_render.R,cleanup registration,461,central cleanup or session termination,Direct: captured module state/resources; transitive: registered module cleanup,Imperative teardown; reactive reads must be isolated by callback owner,Central cleanup manager catches and logs module errors,Cleanup manager exactly-once flag/session lifetime,Logs failure and continues remaining cleanup callbacks,3,reviewed raw boundary,not applicable: finalizer,no,no
modules/Data Wizard/auto regex/datawizard_auto_regex_handlers_run.R::on.exit finalizer::1,Data Wizard / auto regex,modules/Data Wizard/auto regex/datawizard_auto_regex_handlers_run.R,on.exit finalizer,24,"lexical function exit, including error/interrupt",Direct: captured resource/guard; transitive: none,"N/A; lexical finalizer, not a reactive consumer",Best-effort try/tryCatch when present; otherwise preserves normal R unwinding,Exactly-once lexical stack unwinding,Releases resource/resets guard; an uncaught cleanup error propagates,3,reviewed raw boundary,not applicable: finalizer,no,no
modules/Data Wizard/auto regex/datawizard_auto_regex_handlers_transfer.R::on.exit finalizer::1,Data Wizard / auto regex,modules/Data Wizard/auto regex/datawizard_auto_regex_handlers_transfer.R,on.exit finalizer,172,"lexical function exit, including error/interrupt",Direct: captured resource/guard; transitive: none,"N/A; lexical finalizer, not a reactive consumer",Best-effort try/tryCatch when present; otherwise preserves normal R unwinding,Exactly-once lexical stack unwinding,Releases resource/resets guard; an uncaught cleanup error propagates,3,reviewed raw boundary,not applicable: finalizer,no,no
modules/Data Wizard/auto regex/datawizard_auto_regex_infer_conditions.R::on.exit finalizer::1,Data Wizard / auto regex,modules/Data Wizard/auto regex/datawizard_auto_regex_infer_conditions.R,on.exit finalizer,6,"lexical function exit, including error/interrupt",Direct: captured resource/guard; transitive: none,"N/A; lexical finalizer, not a reactive consumer",Best-effort try/tryCatch when present; otherwise preserves normal R unwinding,Exactly-once lexical stack unwinding,Releases resource/resets guard; an uncaught cleanup error propagates,3,reviewed raw boundary,not applicable: finalizer,no,no
modules/Data Wizard/auto regex/datawizard_auto_regex_infer_conditions.R::on.exit finalizer::2,Data Wizard / auto regex,modules/Data Wizard/auto regex/datawizard_auto_regex_infer_conditions.R,on.exit finalizer,242,"lexical function exit, including error/interrupt",Direct: captured resource/guard; transitive: none,"N/A; lexical finalizer, not a reactive consumer",Best-effort try/tryCatch when present; otherwise preserves normal R unwinding,Exactly-once lexical stack unwinding,Releases resource/resets guard; an uncaught cleanup error propagates,3,reviewed raw boundary,not applicable: finalizer,no,no
modules/Data Wizard/auto regex/datawizard_auto_regex_infer_conditions.R::on.exit finalizer::3,Data Wizard / auto regex,modules/Data Wizard/auto regex/datawizard_auto_regex_infer_conditions.R,on.exit finalizer,426,"lexical function exit, including error/interrupt",Direct: captured resource/guard; transitive: none,"N/A; lexical finalizer, not a reactive consumer",Best-effort try/tryCatch when present; otherwise preserves normal R unwinding,Exactly-once lexical stack unwinding,Releases resource/resets guard; an uncaught cleanup error propagates,3,reviewed raw boundary,not applicable: finalizer,no,no
modules/Data Wizard/auto regex/datawizard_auto_regex_infer_ratios.R::on.exit finalizer::1,Data Wizard / auto regex,modules/Data Wizard/auto regex/datawizard_auto_regex_infer_ratios.R,on.exit finalizer,10,"lexical function exit, including error/interrupt",Direct: captured resource/guard; transitive: none,"N/A; lexical finalizer, not a reactive consumer",Best-effort try/tryCatch when present; otherwise preserves normal R unwinding,Exactly-once lexical stack unwinding,Releases resource/resets guard; an uncaught cleanup error propagates,3,reviewed raw boundary,not applicable: finalizer,no,no
modules/Data Wizard/auto regex/datawizard_auto_regex_partition_recovery.R::on.exit finalizer::1,Data Wizard / auto regex,modules/Data Wizard/auto regex/datawizard_auto_regex_partition_recovery.R,on.exit finalizer,545,"lexical function exit, including error/interrupt",Direct: captured resource/guard; transitive: none,"N/A; lexical finalizer, not a reactive consumer",Best-effort try/tryCatch when present; otherwise preserves normal R unwinding,Exactly-once lexical stack unwinding,Releases resource/resets guard; an uncaught cleanup error propagates,3,reviewed raw boundary,not applicable: finalizer,no,no
modules/Data Wizard/auto regex/datawizard_auto_regex_pipeline.R::on.exit finalizer::1,Data Wizard / auto regex,modules/Data Wizard/auto regex/datawizard_auto_regex_pipeline.R,on.exit finalizer,65,"lexical function exit, including error/interrupt",Direct: captured resource/guard; transitive: none,"N/A; lexical finalizer, not a reactive consumer",Best-effort try/tryCatch when present; otherwise preserves normal R unwinding,Exactly-once lexical stack unwinding,Releases resource/resets guard; an uncaught cleanup error propagates,3,reviewed raw boundary,not applicable: finalizer,no,no
modules/Data Wizard/batch_effects/datawizard_batch_effects_correction.R::on.exit finalizer::1,Data Wizard / batch_effects,modules/Data Wizard/batch_effects/datawizard_batch_effects_correction.R,on.exit finalizer,92,"lexical function exit, including error/interrupt",Direct: captured resource/guard; transitive: none,"N/A; lexical finalizer, not a reactive consumer",Best-effort try/tryCatch when present; otherwise preserves normal R unwinding,Exactly-once lexical stack unwinding,Releases resource/resets guard; an uncaught cleanup error propagates,3,reviewed raw boundary,not applicable: finalizer,no,no
modules/Data Wizard/batch_effects/datawizard_batch_effects_handlers.R::onFlushed::1,Data Wizard / batch_effects,modules/Data Wizard/batch_effects/datawizard_batch_effects_handlers.R,onFlushed,90,post-flush scheduling,Direct: callback arguments/captured state; transitive: callback body and invoked restore helpers,Callback body must use isolate() or approved restore callback runner for reactive reads,Local tryCatch/approved callback runner where present; otherwise Shiny/later logs error,Restore generation/job token where owned; otherwise latest state/session lifetime,No-op when stale; caught failures log/settle the restore job; uncaught failures abort that callback,1,reviewed raw boundary,documented captured-values-only implementation,no,yes
modules/Data Wizard/core/datawizard_core_lifecycle_observers.R::invalidateLater::1,Data Wizard / core,modules/Data Wizard/core/datawizard_core_lifecycle_observers.R,invalidateLater,337,timer invalidation armed by the enclosing reactive consumer,Direct: session/timer only; transitive: enclosing observe/render/reactive dependencies,Not isolated: intentionally invalidates its reactive consumer,Shiny reactive-domain handling; local tryCatch where shown,Consumer lifetime/token or restore guard in enclosing observer,Consumer stops polling or reports through its enclosing handler,2,reviewed raw boundary,not applicable: reactive consumer,yes,no
modules/Data Wizard/core/datawizard_core_reactive_values.R::debounce::1,Data Wizard / core,modules/Data Wizard/core/datawizard_core_reactive_values.R,debounce,62,source reactive changes after coalescing interval,Direct: source reactive; transitive: source input/state dependencies,Reactive consumer by construction,Shiny reactive error propagation,Latest debounced/throttled source value,Consumer invalidates/errors without imperative replay,2,reviewed raw boundary,not applicable: reactive consumer,yes,no
modules/Data Wizard/core/datawizard_core_reactive_values.R::debounce::2,Data Wizard / core,modules/Data Wizard/core/datawizard_core_reactive_values.R,debounce,98,source reactive changes after coalescing interval,Direct: source reactive; transitive: source input/state dependencies,Reactive consumer by construction,Shiny reactive error propagation,Latest debounced/throttled source value,Consumer invalidates/errors without imperative replay,2,reviewed raw boundary,not applicable: reactive consumer,yes,no
modules/Data Wizard/core/datawizard_core_reactive_values.R::debounce::3,Data Wizard / core,modules/Data Wizard/core/datawizard_core_reactive_values.R,debounce,101,source reactive changes after coalescing interval,Direct: source reactive; transitive: source input/state dependencies,Reactive consumer by construction,Shiny reactive error propagation,Latest debounced/throttled source value,Consumer invalidates/errors without imperative replay,2,reviewed raw boundary,not applicable: reactive consumer,yes,no
modules/Data Wizard/core/datawizard_core_reactive_values.R::debounce::4,Data Wizard / core,modules/Data Wizard/core/datawizard_core_reactive_values.R,debounce,104,source reactive changes after coalescing interval,Direct: source reactive; transitive: source input/state dependencies,Reactive consumer by construction,Shiny reactive error propagation,Latest debounced/throttled source value,Consumer invalidates/errors without imperative replay,2,reviewed raw boundary,not applicable: reactive consumer,yes,no
modules/Data Wizard/core/datawizard_core_reactive_values.R::debounce::5,Data Wizard / core,modules/Data Wizard/core/datawizard_core_reactive_values.R,debounce,107,source reactive changes after coalescing interval,Direct: source reactive; transitive: source input/state dependencies,Reactive consumer by construction,Shiny reactive error propagation,Latest debounced/throttled source value,Consumer invalidates/errors without imperative replay,2,reviewed raw boundary,not applicable: reactive consumer,yes,no
modules/Data Wizard/core/datawizard_core_reactive_values.R::debounce::6,Data Wizard / core,modules/Data Wizard/core/datawizard_core_reactive_values.R,debounce,110,source reactive changes after coalescing interval,Direct: source reactive; transitive: source input/state dependencies,Reactive consumer by construction,Shiny reactive error propagation,Latest debounced/throttled source value,Consumer invalidates/errors without imperative replay,2,reviewed raw boundary,not applicable: reactive consumer,yes,no
modules/Data Wizard/core/datawizard_core_safe_ui.R::onFlushed::1,Data Wizard / core,modules/Data Wizard/core/datawizard_core_safe_ui.R,onFlushed,111,post-flush scheduling,Direct: callback arguments/captured state; transitive: callback body and invoked restore helpers,Callback body must use isolate() or approved restore callback runner for reactive reads,Local tryCatch/approved callback runner where present; otherwise Shiny/later logs error,Restore generation/job token where owned; otherwise latest state/session lifetime,No-op when stale; caught failures log/settle the restore job; uncaught failures abort that callback,1,reviewed raw boundary,documented captured-values-only implementation,no,yes
modules/Data Wizard/core/datawizard_core_submodule_session.R::onFlushed::1,Data Wizard / core,modules/Data Wizard/core/datawizard_core_submodule_session.R,onFlushed,346,post-flush scheduling,Direct: callback arguments/captured state; transitive: callback body and invoked restore helpers,Callback body must use isolate() or approved restore callback runner for reactive reads,Local tryCatch/approved callback runner where present; otherwise Shiny/later logs error,Restore generation/job token where owned; otherwise latest state/session lifetime,No-op when stale; caught failures log/settle the restore job; uncaught failures abort that callback,1,reviewed raw boundary,shared restore callback runner,no,yes
modules/Data Wizard/core/datawizard_core_submodule_session.R::on.exit finalizer::1,Data Wizard / core,modules/Data Wizard/core/datawizard_core_submodule_session.R,on.exit finalizer,442,"lexical function exit, including error/interrupt",Direct: captured resource/guard; transitive: none,"N/A; lexical finalizer, not a reactive consumer",Best-effort try/tryCatch when present; otherwise preserves normal R unwinding,Exactly-once lexical stack unwinding,Releases resource/resets guard; an uncaught cleanup error propagates,3,reviewed raw boundary,not applicable: finalizer,no,no
modules/Data Wizard/datawizard_annotation.R::on.exit finalizer::1,Data Wizard / datawizard_annotation,modules/Data Wizard/datawizard_annotation.R,on.exit finalizer,140,"lexical function exit, including error/interrupt",Direct: captured resource/guard; transitive: none,"N/A; lexical finalizer, not a reactive consumer",Best-effort try/tryCatch when present; otherwise preserves normal R unwinding,Exactly-once lexical stack unwinding,Releases resource/resets guard; an uncaught cleanup error propagates,3,reviewed raw boundary,not applicable: finalizer,no,no
modules/Data Wizard/datawizard_annotation.R::cleanup registration::1,Data Wizard / datawizard_annotation,modules/Data Wizard/datawizard_annotation.R,cleanup registration,197,central cleanup or session termination,Direct: captured module state/resources; transitive: registered module cleanup,Imperative teardown; reactive reads must be isolated by callback owner,Central cleanup manager catches and logs module errors,Cleanup manager exactly-once flag/session lifetime,Logs failure and continues remaining cleanup callbacks,3,reviewed raw boundary,not applicable: finalizer,no,no
modules/Data Wizard/datawizard_assign_rules.R::onFlushed::1,Data Wizard / datawizard_assign_rules,modules/Data Wizard/datawizard_assign_rules.R,onFlushed,829,post-flush scheduling,Direct: callback arguments/captured state; transitive: callback body and invoked restore helpers,Callback body must use isolate() or approved restore callback runner for reactive reads,Local tryCatch/approved callback runner where present; otherwise Shiny/later logs error,Restore generation/job token where owned; otherwise latest state/session lifetime,No-op when stale; caught failures log/settle the restore job; uncaught failures abort that callback,1,reviewed raw boundary,shared restore callback runner,no,yes
modules/Data Wizard/datawizard_assign_rules.R::onFlushed::2,Data Wizard / datawizard_assign_rules,modules/Data Wizard/datawizard_assign_rules.R,onFlushed,919,post-flush scheduling,Direct: callback arguments/captured state; transitive: callback body and invoked restore helpers,Callback body must use isolate() or approved restore callback runner for reactive reads,Local tryCatch/approved callback runner where present; otherwise Shiny/later logs error,Restore generation/job token where owned; otherwise latest state/session lifetime,No-op when stale; caught failures log/settle the restore job; uncaught failures abort that callback,1,reviewed raw boundary,shared restore callback runner,no,yes
modules/Data Wizard/datawizard_assign_rules.R::cleanup registration::1,Data Wizard / datawizard_assign_rules,modules/Data Wizard/datawizard_assign_rules.R,cleanup registration,1000,central cleanup or session termination,Direct: captured module state/resources; transitive: registered module cleanup,Imperative teardown; reactive reads must be isolated by callback owner,Central cleanup manager catches and logs module errors,Cleanup manager exactly-once flag/session lifetime,Logs failure and continues remaining cleanup callbacks,3,reviewed raw boundary,not applicable: finalizer,no,no
modules/Data Wizard/datawizard_assign_rules.R::onFlushed::3,Data Wizard / datawizard_assign_rules,modules/Data Wizard/datawizard_assign_rules.R,onFlushed,1310,post-flush Assign Rules primary dynamic-text replay,Direct: captured generation/payload/job; transitive: counter_condition and input reads in replay helper,Raw primary and retry callbacks invoke .run_session_restore_callback; shared runner isolates all transitive reactive reads,Shared runner classifies and logs callback failures and the family resolver settles its registry job,Captured session restore generation plus shared-runner current-generation check,Success terminal retry stale-generation skip and classified failure settle the replay job exactly once,1,reviewed Category 1 shared-runner boundary,shared restore callback runner,no,yes
modules/Data Wizard/datawizard_assign_rules.R::onFlushed::4,Data Wizard / datawizard_assign_rules,modules/Data Wizard/datawizard_assign_rules.R,onFlushed,1329,nested Assign Rules primary dynamic-text retry,Direct: captured generation/payload/job; transitive: counter_condition and input reads in replay helper,Raw retry callback invokes .run_session_restore_callback; shared runner isolates all transitive reactive reads,Shared runner classifies failures and invokes the family resolver,Captured session restore generation checked by the shared runner,Terminal unresolved-input success stale skip or classified failure settles the family replay job exactly once,1,reviewed Category 1 shared-runner boundary,shared restore callback runner,no,yes
modules/Data Wizard/datawizard_assign_rules.R::onFlushed::5,Data Wizard / datawizard_assign_rules,modules/Data Wizard/datawizard_assign_rules.R,onFlushed,1395,post-flush Assign Rules restore-trigger dynamic-text replay,Direct: captured generation/pending identity/job; transitive: pending restore counter and input reads,Raw primary and retry callbacks invoke .run_session_restore_callback; shared runner isolates all transitive reactive reads,Shared runner classifies and logs callback failures and the family resolver settles its registry job,Captured session restore generation plus pending identity and shared-runner current-generation check,Success terminal unresolved-input handling stale-generation skip and classified failure settle the replay job exactly once,1,reviewed Category 1 shared-runner boundary,shared restore callback runner,no,yes
modules/Data Wizard/datawizard_assign_rules.R::onFlushed::6,Data Wizard / datawizard_assign_rules,modules/Data Wizard/datawizard_assign_rules.R,onFlushed,1420,nested Assign Rules restore-trigger dynamic-text retry,Direct: captured generation/pending identity/job; transitive: pending restore counter and input reads,Raw retry callback invokes .run_session_restore_callback; shared runner isolates all transitive reactive reads,Shared runner classifies failures and invokes the family resolver,Captured generation and pending identity prevent an older replay mutating newer pending state,Terminal unresolved-input success stale skip or classified failure settles the family replay job exactly once,1,reviewed Category 1 shared-runner boundary,shared restore callback runner,no,yes
modules/Data Wizard/datawizard_auto_assign.R::cleanup registration::1,Data Wizard / datawizard_auto_assign,modules/Data Wizard/datawizard_auto_assign.R,cleanup registration,263,central cleanup or session termination,Direct: captured module state/resources; transitive: registered module cleanup,Imperative teardown; reactive reads must be isolated by callback owner,Central cleanup manager catches and logs module errors,Cleanup manager exactly-once flag/session lifetime,Logs failure and continues remaining cleanup callbacks,3,reviewed raw boundary,not applicable: finalizer,no,no
modules/Data Wizard/datawizard_basemean.R::on.exit finalizer::1,Data Wizard / datawizard_basemean,modules/Data Wizard/datawizard_basemean.R,on.exit finalizer,122,"lexical function exit, including error/interrupt",Direct: captured resource/guard; transitive: none,"N/A; lexical finalizer, not a reactive consumer",Best-effort try/tryCatch when present; otherwise preserves normal R unwinding,Exactly-once lexical stack unwinding,Releases resource/resets guard; an uncaught cleanup error propagates,3,reviewed raw boundary,not applicable: finalizer,no,no
modules/Data Wizard/datawizard_basemean.R::cleanup registration::1,Data Wizard / datawizard_basemean,modules/Data Wizard/datawizard_basemean.R,cleanup registration,177,central cleanup or session termination,Direct: captured module state/resources; transitive: registered module cleanup,Imperative teardown; reactive reads must be isolated by callback owner,Central cleanup manager catches and logs module errors,Cleanup manager exactly-once flag/session lifetime,Logs failure and continues remaining cleanup callbacks,3,reviewed raw boundary,not applicable: finalizer,no,no
modules/Data Wizard/datawizard_batch_effects.R::cleanup registration::1,Data Wizard / datawizard_batch_effects,modules/Data Wizard/datawizard_batch_effects.R,cleanup registration,192,central cleanup or session termination,Direct: captured module state/resources; transitive: registered module cleanup,Imperative teardown; reactive reads must be isolated by callback owner,Central cleanup manager catches and logs module errors,Cleanup manager exactly-once flag/session lifetime,Logs failure and continues remaining cleanup callbacks,3,reviewed raw boundary,not applicable: finalizer,no,no
modules/Data Wizard/datawizard_edit.R::cleanup registration::1,Data Wizard / datawizard_edit,modules/Data Wizard/datawizard_edit.R,cleanup registration,128,central cleanup or session termination,Direct: captured module state/resources; transitive: registered module cleanup,Imperative teardown; reactive reads must be isolated by callback owner,Central cleanup manager catches and logs module errors,Cleanup manager exactly-once flag/session lifetime,Logs failure and continues remaining cleanup callbacks,3,reviewed raw boundary,not applicable: finalizer,no,no
modules/Data Wizard/datawizard_file_loader.R::debounce::1,Data Wizard / datawizard_file_loader,modules/Data Wizard/datawizard_file_loader.R,debounce,215,source reactive changes after coalescing interval,Direct: source reactive; transitive: source input/state dependencies,Reactive consumer by construction,Shiny reactive error propagation,Latest debounced/throttled source value,Consumer invalidates/errors without imperative replay,2,reviewed raw boundary,not applicable: reactive consumer,yes,no
modules/Data Wizard/datawizard_file_loader.R::debounce::2,Data Wizard / datawizard_file_loader,modules/Data Wizard/datawizard_file_loader.R,debounce,216,source reactive changes after coalescing interval,Direct: source reactive; transitive: source input/state dependencies,Reactive consumer by construction,Shiny reactive error propagation,Latest debounced/throttled source value,Consumer invalidates/errors without imperative replay,2,reviewed raw boundary,not applicable: reactive consumer,yes,no
modules/Data Wizard/datawizard_filtering.R::cleanup registration::1,Data Wizard / datawizard_filtering,modules/Data Wizard/datawizard_filtering.R,cleanup registration,689,central cleanup or session termination,Direct: captured module state/resources; transitive: registered module cleanup,Imperative teardown; reactive reads must be isolated by callback owner,Central cleanup manager catches and logs module errors,Cleanup manager exactly-once flag/session lifetime,Logs failure and continues remaining cleanup callbacks,3,reviewed raw boundary,not applicable: finalizer,no,no
modules/Data Wizard/datawizard_filtering.R::onFlushed::1,Data Wizard / datawizard_filtering,modules/Data Wizard/datawizard_filtering.R,onFlushed,825,post-flush scheduling,Direct: callback arguments/captured state; transitive: callback body and invoked restore helpers,Callback body must use isolate() or approved restore callback runner for reactive reads,Local tryCatch/approved callback runner where present; otherwise Shiny/later logs error,Restore generation/job token where owned; otherwise latest state/session lifetime,No-op when stale; caught failures log/settle the restore job; uncaught failures abort that callback,1,reviewed raw boundary,documented captured-values-only implementation,no,yes
modules/Data Wizard/datawizard_filtering.R::onFlushed::2,Data Wizard / datawizard_filtering,modules/Data Wizard/datawizard_filtering.R,onFlushed,854,post-flush scheduling,Direct: callback arguments/captured state; transitive: callback body and invoked restore helpers,Callback body must use isolate() or approved restore callback runner for reactive reads,Local tryCatch/approved callback runner where present; otherwise Shiny/later logs error,Restore generation/job token where owned; otherwise latest state/session lifetime,No-op when stale; caught failures log/settle the restore job; uncaught failures abort that callback,1,reviewed raw boundary,documented captured-values-only implementation,no,yes
modules/Data Wizard/datawizard_filtering.R::onFlushed::3,Data Wizard / datawizard_filtering,modules/Data Wizard/datawizard_filtering.R,onFlushed,889,post-flush scheduling,Direct: callback arguments/captured state; transitive: callback body and invoked restore helpers,Callback body must use isolate() or approved restore callback runner for reactive reads,Local tryCatch/approved callback runner where present; otherwise Shiny/later logs error,Restore generation/job token where owned; otherwise latest state/session lifetime,No-op when stale; caught failures log/settle the restore job; uncaught failures abort that callback,1,reviewed raw boundary,documented captured-values-only implementation,no,yes
modules/Data Wizard/datawizard_integration.R::on.exit finalizer::1,Data Wizard / datawizard_integration,modules/Data Wizard/datawizard_integration.R,on.exit finalizer,512,"lexical function exit, including error/interrupt",Direct: captured resource/guard; transitive: none,"N/A; lexical finalizer, not a reactive consumer",Best-effort try/tryCatch when present; otherwise preserves normal R unwinding,Exactly-once lexical stack unwinding,Releases resource/resets guard; an uncaught cleanup error propagates,3,reviewed raw boundary,not applicable: finalizer,no,no
modules/Data Wizard/datawizard_integration.R::on.exit finalizer::2,Data Wizard / datawizard_integration,modules/Data Wizard/datawizard_integration.R,on.exit finalizer,581,"lexical function exit, including error/interrupt",Direct: captured resource/guard; transitive: none,"N/A; lexical finalizer, not a reactive consumer",Best-effort try/tryCatch when present; otherwise preserves normal R unwinding,Exactly-once lexical stack unwinding,Releases resource/resets guard; an uncaught cleanup error propagates,3,reviewed raw boundary,not applicable: finalizer,no,no
modules/Data Wizard/datawizard_integration.R::on.exit finalizer::3,Data Wizard / datawizard_integration,modules/Data Wizard/datawizard_integration.R,on.exit finalizer,650,"lexical function exit, including error/interrupt",Direct: captured resource/guard; transitive: none,"N/A; lexical finalizer, not a reactive consumer",Best-effort try/tryCatch when present; otherwise preserves normal R unwinding,Exactly-once lexical stack unwinding,Releases resource/resets guard; an uncaught cleanup error propagates,3,reviewed raw boundary,not applicable: finalizer,no,no
modules/Data Wizard/datawizard_integration.R::on.exit finalizer::4,Data Wizard / datawizard_integration,modules/Data Wizard/datawizard_integration.R,on.exit finalizer,708,"lexical function exit, including error/interrupt",Direct: captured resource/guard; transitive: none,"N/A; lexical finalizer, not a reactive consumer",Best-effort try/tryCatch when present; otherwise preserves normal R unwinding,Exactly-once lexical stack unwinding,Releases resource/resets guard; an uncaught cleanup error propagates,3,reviewed raw boundary,not applicable: finalizer,no,no
modules/Data Wizard/datawizard_integration.R::on.exit finalizer::5,Data Wizard / datawizard_integration,modules/Data Wizard/datawizard_integration.R,on.exit finalizer,776,"lexical function exit, including error/interrupt",Direct: captured resource/guard; transitive: none,"N/A; lexical finalizer, not a reactive consumer",Best-effort try/tryCatch when present; otherwise preserves normal R unwinding,Exactly-once lexical stack unwinding,Releases resource/resets guard; an uncaught cleanup error propagates,3,reviewed raw boundary,not applicable: finalizer,no,no
modules/Data Wizard/datawizard_integration.R::on.exit finalizer::6,Data Wizard / datawizard_integration,modules/Data Wizard/datawizard_integration.R,on.exit finalizer,847,"lexical function exit, including error/interrupt",Direct: captured resource/guard; transitive: none,"N/A; lexical finalizer, not a reactive consumer",Best-effort try/tryCatch when present; otherwise preserves normal R unwinding,Exactly-once lexical stack unwinding,Releases resource/resets guard; an uncaught cleanup error propagates,3,reviewed raw boundary,not applicable: finalizer,no,no
modules/Data Wizard/datawizard_integration.R::on.exit finalizer::7,Data Wizard / datawizard_integration,modules/Data Wizard/datawizard_integration.R,on.exit finalizer,1075,"lexical function exit, including error/interrupt",Direct: captured resource/guard; transitive: none,"N/A; lexical finalizer, not a reactive consumer",Best-effort try/tryCatch when present; otherwise preserves normal R unwinding,Exactly-once lexical stack unwinding,Releases resource/resets guard; an uncaught cleanup error propagates,3,reviewed raw boundary,not applicable: finalizer,no,no
modules/Data Wizard/datawizard_integration.R::on.exit finalizer::8,Data Wizard / datawizard_integration,modules/Data Wizard/datawizard_integration.R,on.exit finalizer,1132,"lexical function exit, including error/interrupt",Direct: captured resource/guard; transitive: none,"N/A; lexical finalizer, not a reactive consumer",Best-effort try/tryCatch when present; otherwise preserves normal R unwinding,Exactly-once lexical stack unwinding,Releases resource/resets guard; an uncaught cleanup error propagates,3,reviewed raw boundary,not applicable: finalizer,no,no
modules/Data Wizard/datawizard_integration.R::on.exit finalizer::9,Data Wizard / datawizard_integration,modules/Data Wizard/datawizard_integration.R,on.exit finalizer,1511,"lexical function exit, including error/interrupt",Direct: captured resource/guard; transitive: none,"N/A; lexical finalizer, not a reactive consumer",Best-effort try/tryCatch when present; otherwise preserves normal R unwinding,Exactly-once lexical stack unwinding,Releases resource/resets guard; an uncaught cleanup error propagates,3,reviewed raw boundary,not applicable: finalizer,no,no
modules/Data Wizard/datawizard_integration.R::cleanup registration::1,Data Wizard / datawizard_integration,modules/Data Wizard/datawizard_integration.R,cleanup registration,1900,central cleanup or session termination,Direct: captured module state/resources; transitive: registered module cleanup,Imperative teardown; reactive reads must be isolated by callback owner,Central cleanup manager catches and logs module errors,Cleanup manager exactly-once flag/session lifetime,Logs failure and continues remaining cleanup callbacks,3,reviewed raw boundary,not applicable: finalizer,no,no
modules/Data Wizard/datawizard_merge.R::onFlushed::1,Data Wizard / datawizard_merge,modules/Data Wizard/datawizard_merge.R,onFlushed,653,post-flush scheduling,Direct: callback arguments/captured state; transitive: callback body and invoked restore helpers,Callback body must use isolate() or approved restore callback runner for reactive reads,Local tryCatch/approved callback runner where present; otherwise Shiny/later logs error,Restore generation/job token where owned; otherwise latest state/session lifetime,No-op when stale; caught failures log/settle the restore job; uncaught failures abort that callback,1,reviewed raw boundary,documented captured-values-only implementation,no,yes
modules/Data Wizard/datawizard_merge.R::tryCatch finally::1,Data Wizard / datawizard_merge,modules/Data Wizard/datawizard_merge.R,tryCatch finally,1423,"lexical function exit, including error/interrupt",Direct: captured resource/guard; transitive: none,"N/A; lexical finalizer, not a reactive consumer",Best-effort try/tryCatch when present; otherwise preserves normal R unwinding,Exactly-once lexical stack unwinding,Releases resource/resets guard; an uncaught cleanup error propagates,3,reviewed raw boundary,not applicable: finalizer,no,no
modules/Data Wizard/datawizard_merge.R::tryCatch finally::2,Data Wizard / datawizard_merge,modules/Data Wizard/datawizard_merge.R,tryCatch finally,1433,"lexical function exit, including error/interrupt",Direct: captured resource/guard; transitive: none,"N/A; lexical finalizer, not a reactive consumer",Best-effort try/tryCatch when present; otherwise preserves normal R unwinding,Exactly-once lexical stack unwinding,Releases resource/resets guard; an uncaught cleanup error propagates,3,reviewed raw boundary,not applicable: finalizer,no,no
modules/Data Wizard/datawizard_merge.R::cleanup registration::1,Data Wizard / datawizard_merge,modules/Data Wizard/datawizard_merge.R,cleanup registration,1628,central cleanup or session termination,Direct: captured module state/resources; transitive: registered module cleanup,Imperative teardown; reactive reads must be isolated by callback owner,Central cleanup manager catches and logs module errors,Cleanup manager exactly-once flag/session lifetime,Logs failure and continues remaining cleanup callbacks,3,reviewed raw boundary,not applicable: finalizer,no,no
modules/Data Wizard/datawizard_pivot.R::on.exit finalizer::1,Data Wizard / datawizard_pivot,modules/Data Wizard/datawizard_pivot.R,on.exit finalizer,182,"lexical function exit, including error/interrupt",Direct: captured resource/guard; transitive: none,"N/A; lexical finalizer, not a reactive consumer",Best-effort try/tryCatch when present; otherwise preserves normal R unwinding,Exactly-once lexical stack unwinding,Releases resource/resets guard; an uncaught cleanup error propagates,3,reviewed raw boundary,not applicable: finalizer,no,no
modules/Data Wizard/datawizard_ratios.R::cleanup registration::1,Data Wizard / datawizard_ratios,modules/Data Wizard/datawizard_ratios.R,cleanup registration,805,central cleanup or session termination,Direct: captured module state/resources; transitive: registered module cleanup,Imperative teardown; reactive reads must be isolated by callback owner,Central cleanup manager catches and logs module errors,Cleanup manager exactly-once flag/session lifetime,Logs failure and continues remaining cleanup callbacks,3,reviewed raw boundary,not applicable: finalizer,no,no
modules/Data Wizard/datawizard_tables.R::cleanup registration::1,Data Wizard / datawizard_tables,modules/Data Wizard/datawizard_tables.R,cleanup registration,228,central cleanup or session termination,Direct: captured module state/resources; transitive: registered module cleanup,Imperative teardown; reactive reads must be isolated by callback owner,Central cleanup manager catches and logs module errors,Cleanup manager exactly-once flag/session lifetime,Logs failure and continues remaining cleanup callbacks,3,reviewed raw boundary,not applicable: finalizer,no,no
modules/Data Wizard/edit/datawizard_edit_handlers.R::tryCatch finally::1,Data Wizard / edit,modules/Data Wizard/edit/datawizard_edit_handlers.R,tryCatch finally,801,"lexical function exit, including error/interrupt",Direct: captured resource/guard; transitive: none,"N/A; lexical finalizer, not a reactive consumer",Best-effort try/tryCatch when present; otherwise preserves normal R unwinding,Exactly-once lexical stack unwinding,Releases resource/resets guard; an uncaught cleanup error propagates,3,reviewed raw boundary,not applicable: finalizer,no,no
modules/Data Wizard/file_loader/datawizard_file_loader_context.R::onFlushed::1,Data Wizard / file_loader,modules/Data Wizard/file_loader/datawizard_file_loader_context.R,onFlushed,228,post-flush scheduling,Direct: callback arguments/captured state; transitive: callback body and invoked restore helpers,Callback body must use isolate() or approved restore callback runner for reactive reads,Local tryCatch/approved callback runner where present; otherwise Shiny/later logs error,Restore generation/job token where owned; otherwise latest state/session lifetime,No-op when stale; caught failures log/settle the restore job; uncaught failures abort that callback,1,reviewed raw boundary,documented captured-values-only implementation,no,yes
modules/Data Wizard/file_loader/datawizard_file_loader_diagnostics.R::cleanup registration::1,Data Wizard / file_loader,modules/Data Wizard/file_loader/datawizard_file_loader_diagnostics.R,cleanup registration,87,central cleanup or session termination,Direct: captured module state/resources; transitive: registered module cleanup,Imperative teardown; reactive reads must be isolated by callback owner,Central cleanup manager catches and logs module errors,Cleanup manager exactly-once flag/session lifetime,Logs failure and continues remaining cleanup callbacks,3,reviewed raw boundary,not applicable: finalizer,no,no
modules/Data Wizard/file_loader/datawizard_file_loader_header_reset.R::tryCatch finally::1,Data Wizard / file_loader,modules/Data Wizard/file_loader/datawizard_file_loader_header_reset.R,tryCatch finally,150,"lexical function exit, including error/interrupt",Direct: captured resource/guard; transitive: none,"N/A; lexical finalizer, not a reactive consumer",Best-effort try/tryCatch when present; otherwise preserves normal R unwinding,Exactly-once lexical stack unwinding,Releases resource/resets guard; an uncaught cleanup error propagates,3,reviewed raw boundary,not applicable: finalizer,no,no
modules/Data Wizard/file_loader/datawizard_file_loader_header_reset.R::tryCatch finally::2,Data Wizard / file_loader,modules/Data Wizard/file_loader/datawizard_file_loader_header_reset.R,tryCatch finally,244,"lexical function exit, including error/interrupt",Direct: captured resource/guard; transitive: none,"N/A; lexical finalizer, not a reactive consumer",Best-effort try/tryCatch when present; otherwise preserves normal R unwinding,Exactly-once lexical stack unwinding,Releases resource/resets guard; an uncaught cleanup error propagates,3,reviewed raw boundary,not applicable: finalizer,no,no
modules/Data Wizard/file_loader/datawizard_file_loader_header_reset.R::onFlushed::1,Data Wizard / file_loader,modules/Data Wizard/file_loader/datawizard_file_loader_header_reset.R,onFlushed,252,post-flush scheduling,Direct: callback arguments/captured state; transitive: callback body and invoked restore helpers,Callback body must use isolate() or approved restore callback runner for reactive reads,Local tryCatch/approved callback runner where present; otherwise Shiny/later logs error,Restore generation/job token where owned; otherwise latest state/session lifetime,No-op when stale; caught failures log/settle the restore job; uncaught failures abort that callback,1,reviewed raw boundary,documented captured-values-only implementation,no,yes
modules/Data Wizard/file_loader/datawizard_file_loader_interactive.R::invalidateLater::1,Data Wizard / file_loader,modules/Data Wizard/file_loader/datawizard_file_loader_interactive.R,invalidateLater,156,timer invalidation armed by the enclosing reactive consumer,Direct: session/timer only; transitive: enclosing observe/render/reactive dependencies,Not isolated: intentionally invalidates its reactive consumer,Shiny reactive-domain handling; local tryCatch where shown,Consumer lifetime/token or restore guard in enclosing observer,Consumer stops polling or reports through its enclosing handler,2,reviewed raw boundary,not applicable: reactive consumer,yes,no
modules/Data Wizard/file_loader/datawizard_file_loader_interactive.R::tryCatch finally::1,Data Wizard / file_loader,modules/Data Wizard/file_loader/datawizard_file_loader_interactive.R,tryCatch finally,344,"lexical function exit, including error/interrupt",Direct: captured resource/guard; transitive: none,"N/A; lexical finalizer, not a reactive consumer",Best-effort try/tryCatch when present; otherwise preserves normal R unwinding,Exactly-once lexical stack unwinding,Releases resource/resets guard; an uncaught cleanup error propagates,3,reviewed raw boundary,not applicable: finalizer,no,no
modules/Data Wizard/file_loader/datawizard_file_loader_interactive.R::tryCatch finally::2,Data Wizard / file_loader,modules/Data Wizard/file_loader/datawizard_file_loader_interactive.R,tryCatch finally,518,"lexical function exit, including error/interrupt",Direct: captured resource/guard; transitive: none,"N/A; lexical finalizer, not a reactive consumer",Best-effort try/tryCatch when present; otherwise preserves normal R unwinding,Exactly-once lexical stack unwinding,Releases resource/resets guard; an uncaught cleanup error propagates,3,reviewed raw boundary,not applicable: finalizer,no,no
modules/Data Wizard/file_loader/datawizard_file_loader_interactive.R::tryCatch finally::3,Data Wizard / file_loader,modules/Data Wizard/file_loader/datawizard_file_loader_interactive.R,tryCatch finally,628,"lexical function exit, including error/interrupt",Direct: captured resource/guard; transitive: none,"N/A; lexical finalizer, not a reactive consumer",Best-effort try/tryCatch when present; otherwise preserves normal R unwinding,Exactly-once lexical stack unwinding,Releases resource/resets guard; an uncaught cleanup error propagates,3,reviewed raw boundary,not applicable: finalizer,no,no
modules/Data Wizard/file_loader/datawizard_file_loader_interactive.R::tryCatch finally::4,Data Wizard / file_loader,modules/Data Wizard/file_loader/datawizard_file_loader_interactive.R,tryCatch finally,753,"lexical function exit, including error/interrupt",Direct: captured resource/guard; transitive: none,"N/A; lexical finalizer, not a reactive consumer",Best-effort try/tryCatch when present; otherwise preserves normal R unwinding,Exactly-once lexical stack unwinding,Releases resource/resets guard; an uncaught cleanup error propagates,3,reviewed raw boundary,not applicable: finalizer,no,no
modules/Data Wizard/file_loader/datawizard_file_loader_restore.R::onFlushed::1,Data Wizard / file_loader,modules/Data Wizard/file_loader/datawizard_file_loader_restore.R,onFlushed,146,post-flush scheduling,Direct: callback arguments/captured state; transitive: callback body and invoked restore helpers,Callback body must use isolate() or approved restore callback runner for reactive reads,Local tryCatch/approved callback runner where present; otherwise Shiny/later logs error,Restore generation/job token where owned; otherwise latest state/session lifetime,No-op when stale; caught failures log/settle the restore job; uncaught failures abort that callback,1,reviewed raw boundary,shared restore callback runner,no,yes
modules/Data Wizard/filtering/datawizard_filtering_observers.R::onFlushed::1,Data Wizard / filtering,modules/Data Wizard/filtering/datawizard_filtering_observers.R,onFlushed,226,post-flush scheduling,Direct: callback arguments/captured state; transitive: callback body and invoked restore helpers,Callback body must use isolate() or approved restore callback runner for reactive reads,Local tryCatch/approved callback runner where present; otherwise Shiny/later logs error,Restore generation/job token where owned; otherwise latest state/session lifetime,No-op when stale; caught failures log/settle the restore job; uncaught failures abort that callback,1,reviewed raw boundary,documented captured-values-only implementation,no,yes
modules/Data Wizard/filtering/datawizard_filtering_state.R::debounce::1,Data Wizard / filtering,modules/Data Wizard/filtering/datawizard_filtering_state.R,debounce,143,source reactive changes after coalescing interval,Direct: source reactive; transitive: source input/state dependencies,Reactive consumer by construction,Shiny reactive error propagation,Latest debounced/throttled source value,Consumer invalidates/errors without imperative replay,2,reviewed raw boundary,not applicable: reactive consumer,yes,no
modules/Data Wizard/imputation/datawizard_imputation_observers_api.R::cleanup registration::1,Data Wizard / imputation,modules/Data Wizard/imputation/datawizard_imputation_observers_api.R,cleanup registration,380,central cleanup or session termination,Direct: captured module state/resources; transitive: registered module cleanup,Imperative teardown; reactive reads must be isolated by callback owner,Central cleanup manager catches and logs module errors,Cleanup manager exactly-once flag/session lifetime,Logs failure and continues remaining cleanup callbacks,3,reviewed raw boundary,not applicable: finalizer,no,no
modules/Data Wizard/imputation/datawizard_imputation_processing.R::tryCatch finally::1,Data Wizard / imputation,modules/Data Wizard/imputation/datawizard_imputation_processing.R,tryCatch finally,416,"lexical function exit, including error/interrupt",Direct: captured resource/guard; transitive: none,"N/A; lexical finalizer, not a reactive consumer",Best-effort try/tryCatch when present; otherwise preserves normal R unwinding,Exactly-once lexical stack unwinding,Releases resource/resets guard; an uncaught cleanup error propagates,3,reviewed raw boundary,not applicable: finalizer,no,no
modules/Data Wizard/imputation/datawizard_imputation_state_configuration.R::invalidateLater::1,Data Wizard / imputation,modules/Data Wizard/imputation/datawizard_imputation_state_configuration.R,invalidateLater,246,timer invalidation armed by the enclosing reactive consumer,Direct: session/timer only; transitive: enclosing observe/render/reactive dependencies,Not isolated: intentionally invalidates its reactive consumer,Shiny reactive-domain handling; local tryCatch where shown,Consumer lifetime/token or restore guard in enclosing observer,Consumer stops polling or reports through its enclosing handler,2,reviewed raw boundary,not applicable: reactive consumer,yes,no
modules/Data Wizard/pivot/datawizard_pivot_logic.R::onFlushed::1,Data Wizard / pivot,modules/Data Wizard/pivot/datawizard_pivot_logic.R,onFlushed,743,post-flush scheduling,Direct: callback arguments/captured state; transitive: callback body and invoked restore helpers,Callback body must use isolate() or approved restore callback runner for reactive reads,Local tryCatch/approved callback runner where present; otherwise Shiny/later logs error,Restore generation/job token where owned; otherwise latest state/session lifetime,No-op when stale; caught failures log/settle the restore job; uncaught failures abort that callback,1,reviewed raw boundary,documented captured-values-only implementation,no,yes
modules/Data Wizard/pivot/datawizard_pivot_observer.R::tryCatch finally::1,Data Wizard / pivot,modules/Data Wizard/pivot/datawizard_pivot_observer.R,tryCatch finally,863,"lexical function exit, including error/interrupt",Direct: captured resource/guard; transitive: none,"N/A; lexical finalizer, not a reactive consumer",Best-effort try/tryCatch when present; otherwise preserves normal R unwinding,Exactly-once lexical stack unwinding,Releases resource/resets guard; an uncaught cleanup error propagates,3,reviewed raw boundary,not applicable: finalizer,no,no
modules/Data Wizard/pivot/datawizard_pivot_observer.R::cleanup registration::1,Data Wizard / pivot,modules/Data Wizard/pivot/datawizard_pivot_observer.R,cleanup registration,887,central cleanup or session termination,Direct: captured module state/resources; transitive: registered module cleanup,Imperative teardown; reactive reads must be isolated by callback owner,Central cleanup manager catches and logs module errors,Cleanup manager exactly-once flag/session lifetime,Logs failure and continues remaining cleanup callbacks,3,reviewed raw boundary,not applicable: finalizer,no,no
modules/Data Wizard/tables/datawizard_tables_observer_metadata_editing.R::debounce::1,Data Wizard / tables,modules/Data Wizard/tables/datawizard_tables_observer_metadata_editing.R,debounce,49,source reactive changes after coalescing interval,Direct: source reactive; transitive: source input/state dependencies,Reactive consumer by construction,Shiny reactive error propagation,Latest debounced/throttled source value,Consumer invalidates/errors without imperative replay,2,reviewed raw boundary,not applicable: reactive consumer,yes,no
modules/Data Wizard/tables/datawizard_tables_observer_metadata_hydration.R::onFlushed::1,Data Wizard / tables,modules/Data Wizard/tables/datawizard_tables_observer_metadata_hydration.R,onFlushed,105,post-flush scheduling,Direct: callback arguments/captured state; transitive: callback body and invoked restore helpers,Callback body must use isolate() or approved restore callback runner for reactive reads,Local tryCatch/approved callback runner where present; otherwise Shiny/later logs error,Restore generation/job token where owned; otherwise latest state/session lifetime,No-op when stale; caught failures log/settle the restore job; uncaught failures abort that callback,1,reviewed raw boundary,shared restore callback runner,no,yes
modules/Data Wizard/tables/datawizard_tables_observer_metadata_hydration.R::later::1,Data Wizard / tables,modules/Data Wizard/tables/datawizard_tables_observer_metadata_hydration.R,later,106,later event-loop timer,Direct: callback arguments/captured state; transitive: callback body and invoked restore helpers,Callback body must use isolate() or approved restore callback runner for reactive reads,Local tryCatch/approved callback runner where present; otherwise Shiny/later logs error,Restore generation/job token where owned; otherwise latest state/session lifetime,No-op when stale; caught failures log/settle the restore job; uncaught failures abort that callback,1,reviewed raw boundary,shared restore callback runner,no,yes
modules/Data Wizard/tables/datawizard_tables_observer_mutations.R::on.exit finalizer::1,Data Wizard / tables,modules/Data Wizard/tables/datawizard_tables_observer_mutations.R,on.exit finalizer,59,"lexical function exit, including error/interrupt",Direct: captured resource/guard; transitive: none,"N/A; lexical finalizer, not a reactive consumer",Best-effort try/tryCatch when present; otherwise preserves normal R unwinding,Exactly-once lexical stack unwinding,Releases resource/resets guard; an uncaught cleanup error propagates,3,reviewed raw boundary,not applicable: finalizer,no,no
modules/Data Wizard/tables/datawizard_tables_observer_mutations.R::on.exit finalizer::2,Data Wizard / tables,modules/Data Wizard/tables/datawizard_tables_observer_mutations.R,on.exit finalizer,178,"lexical function exit, including error/interrupt",Direct: captured resource/guard; transitive: none,"N/A; lexical finalizer, not a reactive consumer",Best-effort try/tryCatch when present; otherwise preserves normal R unwinding,Exactly-once lexical stack unwinding,Releases resource/resets guard; an uncaught cleanup error propagates,3,reviewed raw boundary,not applicable: finalizer,no,no
modules/GO/GO_module_hub_annotationhub.R::on.exit finalizer::1,GO,modules/GO/GO_module_hub_annotationhub.R,on.exit finalizer,50,"lexical function exit, including error/interrupt",Direct: captured resource/guard; transitive: none,"N/A; lexical finalizer, not a reactive consumer",Best-effort try/tryCatch when present; otherwise preserves normal R unwinding,Exactly-once lexical stack unwinding,Releases resource/resets guard; an uncaught cleanup error propagates,3,reviewed raw boundary,not applicable: finalizer,no,no
modules/GO/GO_module_hub_annotationhub.R::tryCatch finally::1,GO,modules/GO/GO_module_hub_annotationhub.R,tryCatch finally,219,"lexical function exit, including error/interrupt",Direct: captured resource/guard; transitive: none,"N/A; lexical finalizer, not a reactive consumer",Best-effort try/tryCatch when present; otherwise preserves normal R unwinding,Exactly-once lexical stack unwinding,Releases resource/resets guard; an uncaught cleanup error propagates,3,reviewed raw boundary,not applicable: finalizer,no,no
modules/GO/GO_module_hub_annotationhub.R::tryCatch finally::2,GO,modules/GO/GO_module_hub_annotationhub.R,tryCatch finally,415,"lexical function exit, including error/interrupt",Direct: captured resource/guard; transitive: none,"N/A; lexical finalizer, not a reactive consumer",Best-effort try/tryCatch when present; otherwise preserves normal R unwinding,Exactly-once lexical stack unwinding,Releases resource/resets guard; an uncaught cleanup error propagates,3,reviewed raw boundary,not applicable: finalizer,no,no
modules/GO/GO_module_hub_discovery.R::tryCatch finally::1,GO,modules/GO/GO_module_hub_discovery.R,tryCatch finally,194,"lexical function exit, including error/interrupt",Direct: captured resource/guard; transitive: none,"N/A; lexical finalizer, not a reactive consumer",Best-effort try/tryCatch when present; otherwise preserves normal R unwinding,Exactly-once lexical stack unwinding,Releases resource/resets guard; an uncaught cleanup error propagates,3,reviewed raw boundary,not applicable: finalizer,no,no
modules/GO/GO_module_observer_enrichment_cache.R::tryCatch finally::1,GO,modules/GO/GO_module_observer_enrichment_cache.R,tryCatch finally,755,"lexical function exit, including error/interrupt",Direct: captured resource/guard; transitive: none,"N/A; lexical finalizer, not a reactive consumer",Best-effort try/tryCatch when present; otherwise preserves normal R unwinding,Exactly-once lexical stack unwinding,Releases resource/resets guard; an uncaught cleanup error propagates,3,reviewed raw boundary,not applicable: finalizer,no,no
modules/GO_module.R::cleanup registration::1,GO,modules/GO_module.R,cleanup registration,223,central cleanup or session termination,Direct: captured module state/resources; transitive: registered module cleanup,Imperative teardown; reactive reads must be isolated by callback owner,Central cleanup manager catches and logs module errors,Cleanup manager exactly-once flag/session lifetime,Logs failure and continues remaining cleanup callbacks,3,reviewed raw boundary,not applicable: finalizer,no,no
modules/GO_module.R::onFlushed::1,GO,modules/GO_module.R,onFlushed,628,post-flush scheduling,Direct: callback arguments/captured state; transitive: callback body and invoked restore helpers,Callback body must use isolate() or approved restore callback runner for reactive reads,Local tryCatch/approved callback runner where present; otherwise Shiny/later logs error,Restore generation/job token where owned; otherwise latest state/session lifetime,No-op when stale; caught failures log/settle the restore job; uncaught failures abort that callback,1,reviewed raw boundary,documented captured-values-only implementation,no,yes
modules/GO_module.R::onFlushed::2,GO,modules/GO_module.R,onFlushed,630,post-flush scheduling,Direct: callback arguments/captured state; transitive: callback body and invoked restore helpers,Callback body must use isolate() or approved restore callback runner for reactive reads,Local tryCatch/approved callback runner where present; otherwise Shiny/later logs error,Restore generation/job token where owned; otherwise latest state/session lifetime,No-op when stale; caught failures log/settle the restore job; uncaught failures abort that callback,1,reviewed raw boundary,documented captured-values-only implementation,no,yes
modules/GSEA/GSEA_module_Gene_Sets.R::on.exit finalizer::1,GSEA,modules/GSEA/GSEA_module_Gene_Sets.R,on.exit finalizer,251,"lexical function exit, including error/interrupt",Direct: captured resource/guard; transitive: none,"N/A; lexical finalizer, not a reactive consumer",Best-effort try/tryCatch when present; otherwise preserves normal R unwinding,Exactly-once lexical stack unwinding,Releases resource/resets guard; an uncaught cleanup error propagates,3,reviewed raw boundary,not applicable: finalizer,no,no
modules/GSEA/GSEA_module_observer.R::invalidateLater::1,GSEA,modules/GSEA/GSEA_module_observer.R,invalidateLater,1434,timer invalidation armed by the enclosing reactive consumer,Direct: session/timer only; transitive: enclosing observe/render/reactive dependencies,Not isolated: intentionally invalidates its reactive consumer,Shiny reactive-domain handling; local tryCatch where shown,Consumer lifetime/token or restore guard in enclosing observer,Consumer stops polling or reports through its enclosing handler,2,reviewed raw boundary,not applicable: reactive consumer,yes,no
modules/GSEA/GSEA_module_observer.R::onFlushed::1,GSEA,modules/GSEA/GSEA_module_observer.R,onFlushed,1481,post-flush scheduling,Direct: callback arguments/captured state; transitive: callback body and invoked restore helpers,Callback body must use isolate() or approved restore callback runner for reactive reads,Local tryCatch/approved callback runner where present; otherwise Shiny/later logs error,Restore generation/job token where owned; otherwise latest state/session lifetime,No-op when stale; caught failures log/settle the restore job; uncaught failures abort that callback,1,reviewed raw boundary,shared restore callback runner,no,yes
modules/GSEA/GSEA_module_observer.R::cleanup registration::1,GSEA,modules/GSEA/GSEA_module_observer.R,cleanup registration,1945,central cleanup or session termination,Direct: captured module state/resources; transitive: registered module cleanup,Imperative teardown; reactive reads must be isolated by callback owner,Central cleanup manager catches and logs module errors,Cleanup manager exactly-once flag/session lifetime,Logs failure and continues remaining cleanup callbacks,3,reviewed raw boundary,not applicable: finalizer,no,no
modules/GSEA/GSEA_module_parallelization.R::on.exit finalizer::1,GSEA,modules/GSEA/GSEA_module_parallelization.R,on.exit finalizer,302,"lexical function exit, including error/interrupt",Direct: captured resource/guard; transitive: none,"N/A; lexical finalizer, not a reactive consumer",Best-effort try/tryCatch when present; otherwise preserves normal R unwinding,Exactly-once lexical stack unwinding,Releases resource/resets guard; an uncaught cleanup error propagates,3,reviewed raw boundary,not applicable: finalizer,no,no
modules/GSEA_module.R::onFlushed::1,GSEA,modules/GSEA_module.R,onFlushed,474,post-flush scheduling,Direct: callback arguments/captured state; transitive: callback body and invoked restore helpers,Callback body must use isolate() or approved restore callback runner for reactive reads,Local tryCatch/approved callback runner where present; otherwise Shiny/later logs error,Restore generation/job token where owned; otherwise latest state/session lifetime,No-op when stale; caught failures log/settle the restore job; uncaught failures abort that callback,1,reviewed raw boundary,documented captured-values-only implementation,no,yes
modules/GSEA_module.R::onFlushed::2,GSEA,modules/GSEA_module.R,onFlushed,476,post-flush scheduling,Direct: callback arguments/captured state; transitive: callback body and invoked restore helpers,Callback body must use isolate() or approved restore callback runner for reactive reads,Local tryCatch/approved callback runner where present; otherwise Shiny/later logs error,Restore generation/job token where owned; otherwise latest state/session lifetime,No-op when stale; caught failures log/settle the restore job; uncaught failures abort that callback,1,reviewed raw boundary,documented captured-values-only implementation,no,yes
modules/Grid_module.R::later::1,Grid,modules/Grid_module.R,later,240,later event-loop timer,Direct: callback arguments/captured state; transitive: callback body and invoked restore helpers,Callback body must use isolate() or approved restore callback runner for reactive reads,Local tryCatch/approved callback runner where present; otherwise Shiny/later logs error,Restore generation/job token where owned; otherwise latest state/session lifetime,No-op when stale; caught failures log/settle the restore job; uncaught failures abort that callback,1,reviewed raw boundary,documented captured-values-only implementation,no,yes
modules/Grid_module.R::onFlushed::1,Grid,modules/Grid_module.R,onFlushed,260,post-flush scheduling,Direct: callback arguments/captured state; transitive: callback body and invoked restore helpers,Callback body must use isolate() or approved restore callback runner for reactive reads,Local tryCatch/approved callback runner where present; otherwise Shiny/later logs error,Restore generation/job token where owned; otherwise latest state/session lifetime,No-op when stale; caught failures log/settle the restore job; uncaught failures abort that callback,1,reviewed raw boundary,documented captured-values-only implementation,no,yes
modules/Grid_module.R::debounce::1,Grid,modules/Grid_module.R,debounce,732,source reactive changes after coalescing interval,Direct: source reactive; transitive: source input/state dependencies,Reactive consumer by construction,Shiny reactive error propagation,Latest debounced/throttled source value,Consumer invalidates/errors without imperative replay,2,reviewed raw boundary,not applicable: reactive consumer,yes,no
modules/Grid_module.R::on.exit finalizer::1,Grid,modules/Grid_module.R,on.exit finalizer,877,"lexical function exit, including error/interrupt",Direct: captured resource/guard; transitive: none,"N/A; lexical finalizer, not a reactive consumer",Best-effort try/tryCatch when present; otherwise preserves normal R unwinding,Exactly-once lexical stack unwinding,Releases resource/resets guard; an uncaught cleanup error propagates,3,reviewed raw boundary,not applicable: finalizer,no,no
modules/Grid_module.R::cleanup registration::1,Grid,modules/Grid_module.R,cleanup registration,905,central cleanup or session termination,Direct: captured module state/resources; transitive: registered module cleanup,Imperative teardown; reactive reads must be isolated by callback owner,Central cleanup manager catches and logs module errors,Cleanup manager exactly-once flag/session lifetime,Logs failure and continues remaining cleanup callbacks,3,reviewed raw boundary,not applicable: finalizer,no,no
modules/Heatmap/Heatmap_download.R::tryCatch finally::1,Heatmap,modules/Heatmap/Heatmap_download.R,tryCatch finally,335,"lexical function exit, including error/interrupt",Direct: captured resource/guard; transitive: none,"N/A; lexical finalizer, not a reactive consumer",Best-effort try/tryCatch when present; otherwise preserves normal R unwinding,Exactly-once lexical stack unwinding,Releases resource/resets guard; an uncaught cleanup error propagates,3,reviewed raw boundary,not applicable: finalizer,no,no
modules/Heatmap/Heatmap_download.R::tryCatch finally::2,Heatmap,modules/Heatmap/Heatmap_download.R,tryCatch finally,344,"lexical function exit, including error/interrupt",Direct: captured resource/guard; transitive: none,"N/A; lexical finalizer, not a reactive consumer",Best-effort try/tryCatch when present; otherwise preserves normal R unwinding,Exactly-once lexical stack unwinding,Releases resource/resets guard; an uncaught cleanup error propagates,3,reviewed raw boundary,not applicable: finalizer,no,no
modules/Heatmap/Heatmap_observers_plot_lifecycle.R::debounce::1,Heatmap,modules/Heatmap/Heatmap_observers_plot_lifecycle.R,debounce,730,source reactive changes after coalescing interval,Direct: source reactive; transitive: source input/state dependencies,Reactive consumer by construction,Shiny reactive error propagation,Latest debounced/throttled source value,Consumer invalidates/errors without imperative replay,2,reviewed raw boundary,not applicable: reactive consumer,yes,no
modules/Heatmap/Heatmap_observers_plot_lifecycle.R::debounce::2,Heatmap,modules/Heatmap/Heatmap_observers_plot_lifecycle.R,debounce,735,source reactive changes after coalescing interval,Direct: source reactive; transitive: source input/state dependencies,Reactive consumer by construction,Shiny reactive error propagation,Latest debounced/throttled source value,Consumer invalidates/errors without imperative replay,2,reviewed raw boundary,not applicable: reactive consumer,yes,no
modules/Heatmap/Heatmap_observers_plot_lifecycle.R::debounce::3,Heatmap,modules/Heatmap/Heatmap_observers_plot_lifecycle.R,debounce,745,source reactive changes after coalescing interval,Direct: source reactive; transitive: source input/state dependencies,Reactive consumer by construction,Shiny reactive error propagation,Latest debounced/throttled source value,Consumer invalidates/errors without imperative replay,2,reviewed raw boundary,not applicable: reactive consumer,yes,no
modules/Heatmap/Heatmap_observers_plot_lifecycle.R::debounce::4,Heatmap,modules/Heatmap/Heatmap_observers_plot_lifecycle.R,debounce,750,source reactive changes after coalescing interval,Direct: source reactive; transitive: source input/state dependencies,Reactive consumer by construction,Shiny reactive error propagation,Latest debounced/throttled source value,Consumer invalidates/errors without imperative replay,2,reviewed raw boundary,not applicable: reactive consumer,yes,no
modules/Heatmap/Heatmap_observers_restore.R::onFlushed::1,Heatmap,modules/Heatmap/Heatmap_observers_restore.R,onFlushed,524,post-flush Heatmap replay/render scheduling,"Direct: captured label/function and plain-environment heatmap_state; transitive: reactiveVal/reactive, rv, and input reads in replay/render helpers",Raw callback invokes .run_session_restore_callback; common runner isolates all actual reactive reads; heatmap_state is non-reactive,"Common restore runner catches, classifies, logs, and settles callback failures",Captured session restore generation checked by common runner before invocation,Stale callbacks no-op; failures settle the Heatmap replay/render registry job,1,reviewed raw boundary,shared restore callback runner,no,yes
modules/Heatmap/Heatmap_rendering.R::on.exit finalizer::1,Heatmap,modules/Heatmap/Heatmap_rendering.R,on.exit finalizer,834,"lexical function exit, including error/interrupt",Direct: captured resource/guard; transitive: none,"N/A; lexical finalizer, not a reactive consumer",Best-effort try/tryCatch when present; otherwise preserves normal R unwinding,Exactly-once lexical stack unwinding,Releases resource/resets guard; an uncaught cleanup error propagates,3,reviewed raw boundary,not applicable: finalizer,no,no
modules/Heatmap/Heatmap_rendering.R::on.exit finalizer::2,Heatmap,modules/Heatmap/Heatmap_rendering.R,on.exit finalizer,1348,"lexical function exit, including error/interrupt",Direct: captured resource/guard; transitive: none,"N/A; lexical finalizer, not a reactive consumer",Best-effort try/tryCatch when present; otherwise preserves normal R unwinding,Exactly-once lexical stack unwinding,Releases resource/resets guard; an uncaught cleanup error propagates,3,reviewed raw boundary,not applicable: finalizer,no,no
modules/Heatmap/Heatmap_rendering.R::on.exit finalizer::3,Heatmap,modules/Heatmap/Heatmap_rendering.R,on.exit finalizer,1416,"lexical function exit, including error/interrupt",Direct: captured resource/guard; transitive: none,"N/A; lexical finalizer, not a reactive consumer",Best-effort try/tryCatch when present; otherwise preserves normal R unwinding,Exactly-once lexical stack unwinding,Releases resource/resets guard; an uncaught cleanup error propagates,3,reviewed raw boundary,not applicable: finalizer,no,no
modules/Heatmap/Heatmap_rendering.R::on.exit finalizer::4,Heatmap,modules/Heatmap/Heatmap_rendering.R,on.exit finalizer,1472,"lexical function exit, including error/interrupt",Direct: captured resource/guard; transitive: none,"N/A; lexical finalizer, not a reactive consumer",Best-effort try/tryCatch when present; otherwise preserves normal R unwinding,Exactly-once lexical stack unwinding,Releases resource/resets guard; an uncaught cleanup error propagates,3,reviewed raw boundary,not applicable: finalizer,no,no
modules/Heatmap/Heatmap_rendering.R::on.exit finalizer::5,Heatmap,modules/Heatmap/Heatmap_rendering.R,on.exit finalizer,1546,"lexical function exit, including error/interrupt",Direct: captured resource/guard; transitive: none,"N/A; lexical finalizer, not a reactive consumer",Best-effort try/tryCatch when present; otherwise preserves normal R unwinding,Exactly-once lexical stack unwinding,Releases resource/resets guard; an uncaught cleanup error propagates,3,reviewed raw boundary,not applicable: finalizer,no,no
modules/Heatmap/Heatmap_rendering.R::on.exit finalizer::6,Heatmap,modules/Heatmap/Heatmap_rendering.R,on.exit finalizer,1584,"lexical function exit, including error/interrupt",Direct: captured resource/guard; transitive: none,"N/A; lexical finalizer, not a reactive consumer",Best-effort try/tryCatch when present; otherwise preserves normal R unwinding,Exactly-once lexical stack unwinding,Releases resource/resets guard; an uncaught cleanup error propagates,3,reviewed raw boundary,not applicable: finalizer,no,no
modules/Heatmap/Heatmap_utils.R::on.exit finalizer::1,Heatmap,modules/Heatmap/Heatmap_utils.R,on.exit finalizer,1211,"lexical function exit, including error/interrupt",Direct: captured resource/guard; transitive: none,"N/A; lexical finalizer, not a reactive consumer",Best-effort try/tryCatch when present; otherwise preserves normal R unwinding,Exactly-once lexical stack unwinding,Releases resource/resets guard; an uncaught cleanup error propagates,3,reviewed raw boundary,not applicable: finalizer,no,no
modules/Heatmap/Heatmap_utils.R::on.exit finalizer::2,Heatmap,modules/Heatmap/Heatmap_utils.R,on.exit finalizer,1252,"lexical function exit, including error/interrupt",Direct: captured resource/guard; transitive: none,"N/A; lexical finalizer, not a reactive consumer",Best-effort try/tryCatch when present; otherwise preserves normal R unwinding,Exactly-once lexical stack unwinding,Releases resource/resets guard; an uncaught cleanup error propagates,3,reviewed raw boundary,not applicable: finalizer,no,no
modules/Heatmap_module.R::cleanup registration::1,Heatmap,modules/Heatmap_module.R,cleanup registration,151,central cleanup or session termination,Direct: captured module state/resources; transitive: registered module cleanup,Imperative teardown; reactive reads must be isolated by callback owner,Central cleanup manager catches and logs module errors,Cleanup manager exactly-once flag/session lifetime,Logs failure and continues remaining cleanup callbacks,3,reviewed raw boundary,not applicable: finalizer,no,no
modules/STRING/STRING_server_export_grid.R::on.exit finalizer::1,STRING,modules/STRING/STRING_server_export_grid.R,on.exit finalizer,87,"lexical function exit, including error/interrupt",Direct: captured resource/guard; transitive: none,"N/A; lexical finalizer, not a reactive consumer",Best-effort try/tryCatch when present; otherwise preserves normal R unwinding,Exactly-once lexical stack unwinding,Releases resource/resets guard; an uncaught cleanup error propagates,3,reviewed raw boundary,not applicable: finalizer,no,no
modules/STRING/STRING_utils.R::on.exit finalizer::1,STRING,modules/STRING/STRING_utils.R,on.exit finalizer,690,"lexical function exit, including error/interrupt",Direct: captured resource/guard; transitive: none,"N/A; lexical finalizer, not a reactive consumer",Best-effort try/tryCatch when present; otherwise preserves normal R unwinding,Exactly-once lexical stack unwinding,Releases resource/resets guard; an uncaught cleanup error propagates,3,reviewed raw boundary,not applicable: finalizer,no,no
modules/STRING/STRING_utils.R::onFlushed::1,STRING,modules/STRING/STRING_utils.R,onFlushed,691,post-flush scheduling,Direct: callback arguments/captured state; transitive: callback body and invoked restore helpers,Callback body must use isolate() or approved restore callback runner for reactive reads,Local tryCatch/approved callback runner where present; otherwise Shiny/later logs error,Restore generation/job token where owned; otherwise latest state/session lifetime,No-op when stale; caught failures log/settle the restore job; uncaught failures abort that callback,1,reviewed raw boundary,documented captured-values-only implementation,no,yes
modules/STRING/STRING_utils.R::on.exit finalizer::2,STRING,modules/STRING/STRING_utils.R,on.exit finalizer,926,"lexical function exit, including error/interrupt",Direct: captured resource/guard; transitive: none,"N/A; lexical finalizer, not a reactive consumer",Best-effort try/tryCatch when present; otherwise preserves normal R unwinding,Exactly-once lexical stack unwinding,Releases resource/resets guard; an uncaught cleanup error propagates,3,reviewed raw boundary,not applicable: finalizer,no,no
modules/STRING_module.R::cleanup registration::1,STRING,modules/STRING_module.R,cleanup registration,283,central cleanup or session termination,Direct: captured module state/resources; transitive: registered module cleanup,Imperative teardown; reactive reads must be isolated by callback owner,Central cleanup manager catches and logs module errors,Cleanup manager exactly-once flag/session lifetime,Logs failure and continues remaining cleanup callbacks,3,reviewed raw boundary,not applicable: finalizer,no,no
modules/abundances/abundances_observer.R::debounce::1,abundances,modules/abundances/abundances_observer.R,debounce,441,source reactive changes after coalescing interval,Direct: source reactive; transitive: source input/state dependencies,Reactive consumer by construction,Shiny reactive error propagation,Latest debounced/throttled source value,Consumer invalidates/errors without imperative replay,2,reviewed raw boundary,not applicable: reactive consumer,yes,no
modules/abundances/abundances_observer.R::on.exit finalizer::1,abundances,modules/abundances/abundances_observer.R,on.exit finalizer,568,"lexical function exit, including error/interrupt",Direct: captured resource/guard; transitive: none,"N/A; lexical finalizer, not a reactive consumer",Best-effort try/tryCatch when present; otherwise preserves normal R unwinding,Exactly-once lexical stack unwinding,Releases resource/resets guard; an uncaught cleanup error propagates,3,reviewed raw boundary,not applicable: finalizer,no,no
modules/abundances/abundances_observer.R::onFlushed::1,abundances,modules/abundances/abundances_observer.R,onFlushed,624,post-flush scheduling,Direct: callback arguments/captured state; transitive: callback body and invoked restore helpers,Callback body must use isolate() or approved restore callback runner for reactive reads,Local tryCatch/approved callback runner where present; otherwise Shiny/later logs error,Restore generation/job token where owned; otherwise latest state/session lifetime,No-op when stale; caught failures log/settle the restore job; uncaught failures abort that callback,1,reviewed raw boundary,documented captured-values-only implementation,no,yes
modules/abundances/abundances_observer.R::invalidateLater::1,abundances,modules/abundances/abundances_observer.R,invalidateLater,807,timer invalidation armed by the enclosing reactive consumer,Direct: session/timer only; transitive: enclosing observe/render/reactive dependencies,Not isolated: intentionally invalidates its reactive consumer,Shiny reactive-domain handling; local tryCatch where shown,Consumer lifetime/token or restore guard in enclosing observer,Consumer stops polling or reports through its enclosing handler,2,reviewed raw boundary,not applicable: reactive consumer,yes,no
modules/datawizard_module.R::later::1,Data Wizard / shell,modules/datawizard_module.R,later,582,later event-loop timer,Direct: callback arguments/captured state; transitive: callback body and invoked restore helpers,Callback body must use isolate() or approved restore callback runner for reactive reads,Local tryCatch/approved callback runner where present; otherwise Shiny/later logs error,Restore generation/job token where owned; otherwise latest state/session lifetime,No-op when stale; caught failures log/settle the restore job; uncaught failures abort that callback,1,reviewed raw boundary,documented captured-values-only implementation,no,yes
modules/datawizard_module.R::on.exit finalizer::1,Data Wizard / shell,modules/datawizard_module.R,on.exit finalizer,855,"lexical function exit, including error/interrupt",Direct: captured resource/guard; transitive: none,"N/A; lexical finalizer, not a reactive consumer",Best-effort try/tryCatch when present; otherwise preserves normal R unwinding,Exactly-once lexical stack unwinding,Releases resource/resets guard; an uncaught cleanup error propagates,3,reviewed raw boundary,not applicable: finalizer,no,no
modules/datawizard_module.R::on.exit finalizer::2,Data Wizard / shell,modules/datawizard_module.R,on.exit finalizer,916,"lexical function exit, including error/interrupt",Direct: captured resource/guard; transitive: none,"N/A; lexical finalizer, not a reactive consumer",Best-effort try/tryCatch when present; otherwise preserves normal R unwinding,Exactly-once lexical stack unwinding,Releases resource/resets guard; an uncaught cleanup error propagates,3,reviewed raw boundary,not applicable: finalizer,no,no
modules/datawizard_module.R::on.exit finalizer::3,Data Wizard / shell,modules/datawizard_module.R,on.exit finalizer,1099,"lexical function exit, including error/interrupt",Direct: captured resource/guard; transitive: none,"N/A; lexical finalizer, not a reactive consumer",Best-effort try/tryCatch when present; otherwise preserves normal R unwinding,Exactly-once lexical stack unwinding,Releases resource/resets guard; an uncaught cleanup error propagates,3,reviewed raw boundary,not applicable: finalizer,no,no
modules/datawizard_module.R::on.exit finalizer::4,Data Wizard / shell,modules/datawizard_module.R,on.exit finalizer,1116,"lexical function exit, including error/interrupt",Direct: captured resource/guard; transitive: none,"N/A; lexical finalizer, not a reactive consumer",Best-effort try/tryCatch when present; otherwise preserves normal R unwinding,Exactly-once lexical stack unwinding,Releases resource/resets guard; an uncaught cleanup error propagates,3,reviewed raw boundary,not applicable: finalizer,no,no
modules/datawizard_module.R::on.exit finalizer::5,Data Wizard / shell,modules/datawizard_module.R,on.exit finalizer,1128,"lexical function exit, including error/interrupt",Direct: captured resource/guard; transitive: none,"N/A; lexical finalizer, not a reactive consumer",Best-effort try/tryCatch when present; otherwise preserves normal R unwinding,Exactly-once lexical stack unwinding,Releases resource/resets guard; an uncaught cleanup error propagates,3,reviewed raw boundary,not applicable: finalizer,no,no
modules/datawizard_module.R::on.exit finalizer::6,Data Wizard / shell,modules/datawizard_module.R,on.exit finalizer,1171,"lexical function exit, including error/interrupt",Direct: captured resource/guard; transitive: none,"N/A; lexical finalizer, not a reactive consumer",Best-effort try/tryCatch when present; otherwise preserves normal R unwinding,Exactly-once lexical stack unwinding,Releases resource/resets guard; an uncaught cleanup error propagates,3,reviewed raw boundary,not applicable: finalizer,no,no
custom::restore-job-timeout,Session restore orchestrator,R/session_save_restore/session_save_restore_core_helpers.R,custom timeout finalizer,93,registered restore job timeout,Direct: job id and generation; transitive: registry settlement state,Callback captures immutable job identity; no reactive reads,Registry callback wrapper catches and records errors,Active restore generation plus unsettled job id,Marks timed-out job failed and unblocks settlement,3,reviewed custom callback,not applicable: finalizer,no,no
custom::grid-restore-pending,Grid,modules/Grid_module.R,custom retry,217,initial flush and 100ms retries until inputs bind,Direct: saved Grid inputs; transitive: widget binding state,Entire retry body is isolate(),tryCatch logs callback failure,Captured restore generation and bounded attempt count,Stale callbacks no-op; exhaustion retains safe defaults,1,reviewed custom callback,documented captured-values-only implementation,no,yes
custom::heatmap-cache-retry,Heatmap,modules/Heatmap/Heatmap_observers_restore.R,custom retry,852,post-flush cache rebuild retry,Direct: captured restore context and plain-environment heatmap_state; transitive: reactive cache/render readiness,heatmap_safe_on_flushed routes through common runner isolation; heatmap_state reads are non-reactive,Common restore runner catches/logs and settles the shared Heatmap replay/render job,Captured session restore generation and registry job identity,Stale/failing callbacks settle the registered work without corrupting state,1,reviewed custom callback,shared restore callback runner,no,yes
custom::gsea-restore-poll,GSEA,modules/GSEA/GSEA_module_observer.R,custom retry,1434,250ms reactive polling while restore analysis is pending,Direct: gsea_restore_pending; transitive: analysis readiness and request state,Inside observe consumer; intentional reactive polling,Observer error handling reports analysis failure,Pending request identity and supersession checks,Stops polling on terminal failure and clears pending state,2,reviewed custom callback,not applicable: reactive consumer,yes,no
custom::abundances-pending-ui,Abundances,modules/abundances/abundances_observer.R,custom retry,729,reactive retry after pending UI restore cannot yet apply,Direct: pending saved inputs; transitive: input binding and data readiness,Reads occur in restore observer/reactive consumer,Observer catches/logs application failures,Pending snapshot is replaced/cleared by latest restore,Retains pending values for next bounded reactive opportunity,2,reviewed custom callback,not applicable: reactive consumer,yes,no
custom::datawizard-submodule-retry,Data Wizard / core,modules/Data Wizard/core/datawizard_core_submodule_session.R,custom retry,494,post-stabilization retry after submodule restore,Direct: immutable submodule restore state; transitive: module callback readiness,schedule_restore_callback invokes callback under isolate,"Shared scheduler catches, logs, and settles job","Snapshot id, retry key, generation, and finalized flag",Stale/duplicate retry no-ops; failure is logged and finalized,1,reviewed custom callback,shared restore callback runner,no,yes
custom::assign-rules-input-retry,Data Wizard / assign rules,modules/Data Wizard/datawizard_assign_rules.R,custom retry,1420,nested post-flush retry for both dynamic input replay families,Direct: captured payload generation pending identity and replay job; transitive: dynamic input binding state,Every deferred callback invokes .run_session_restore_callback and all reactive reads occur in its isolate,Shared runner classifies failures; family resolver settles the associated job exactly once,Captured session generation plus pending snapshot identity,Logs terminal unresolved controls; stale and failed callbacks cannot clear or update a newer generation,1,reviewed Category 1 shared-runner boundary,shared restore callback runner,no,yes
custom::datawizard-guard-finalizer,Data Wizard / registration,R/session_save_restore/session_save_restore_module_registration.R,custom finalizer,2092,post-flush or synchronous fallback guard release,Direct: restore guard/job id; transitive: none,Callback uses captured values and isolated shared runner,Shared callback runner catches and settles job,Restore generation and guard-release job id,Always releases guard; failure settles job as failed,3,reviewed custom callback,not applicable: finalizer,no,no
custom::heatmap-replay-render-settlement,Heatmap,modules/Heatmap/Heatmap_module.R,custom settlement job,686,Heatmap session state hydration before deferred replay/render,"Direct: isolated rv restore generation; transitive: deferred replay/render reactiveVal, reactive, rv, and input reads",Generation is snapshotted with isolate; deferred reads run under .run_session_restore_callback isolation; heatmap_state is a plain environment,Registration errors log; common runner catches callback errors and registry resolver is guarded,Registry generation plus common-runner check of captured restore generation,"Required replay/render work settles success, stale, or failure exactly once; timeout prevents restore settlement from hanging",1,reviewed custom callback,shared restore callback runner,no,yes
